m,TagName,
"2008-07-01 00:00:00","c#","3"
"2008-08-01 00:00:00","assembly","8"
"2008-08-01 00:00:00","javascript","163"
"2008-08-01 00:00:00","c","83"
"2008-08-01 00:00:00","python","122"
"2008-08-01 00:00:00","perl","28"
"2008-08-01 00:00:00","c#","507"
"2008-08-01 00:00:00","c++","163"
"2008-08-01 00:00:00","java","222"
"2008-08-01 00:00:00","delphi","14"
"2008-08-01 00:00:00","ruby","71"
"2008-08-01 00:00:00","php","160"
"2008-09-01 00:00:00","c","320"
"2008-09-01 00:00:00","delphi","105"
"2008-09-01 00:00:00","assembly","28"
"2008-09-01 00:00:00","javascript","639"
"2008-09-01 00:00:00","java","1136"
"2008-09-01 00:00:00","c#","1648"
"2008-09-01 00:00:00","perl","131"
"2008-09-01 00:00:00","python","538"
"2008-09-01 00:00:00","r","6"
"2008-09-01 00:00:00","c++","754"
"2008-09-01 00:00:00","php","480"
"2008-09-01 00:00:00","ruby","288"
"2008-10-01 00:00:00","delphi","112"
"2008-10-01 00:00:00","java","1154"
"2008-10-01 00:00:00","assembly","15"
"2008-10-01 00:00:00","c#","1990"
"2008-10-01 00:00:00","perl","127"
"2008-10-01 00:00:00","c","303"
"2008-10-01 00:00:00","php","615"
"2008-10-01 00:00:00","python","508"
"2008-10-01 00:00:00","javascript","726"
"2008-10-01 00:00:00","c++","810"
"2008-10-01 00:00:00","ruby","249"
"2008-11-01 00:00:00","assembly","17"
"2008-11-01 00:00:00","c#","1733"
"2008-11-01 00:00:00","python","452"
"2008-11-01 00:00:00","c","259"
"2008-11-01 00:00:00","java","958"
"2008-11-01 00:00:00","delphi","141"
"2008-11-01 00:00:00","c++","734"
"2008-11-01 00:00:00","javascript","579"
"2008-11-01 00:00:00","perl","97"
"2008-11-01 00:00:00","php","502"
"2008-11-01 00:00:00","ruby","159"
"2008-11-01 00:00:00","r","1"
"2008-12-01 00:00:00","javascript","626"
"2008-12-01 00:00:00","assembly","17"
"2008-12-01 00:00:00","c","189"
"2008-12-01 00:00:00","c#","1595"
"2008-12-01 00:00:00","java","830"
"2008-12-01 00:00:00","php","480"
"2008-12-01 00:00:00","c++","632"
"2008-12-01 00:00:00","delphi","134"
"2008-12-01 00:00:00","r","1"
"2008-12-01 00:00:00","python","440"
"2008-12-01 00:00:00","perl","134"
"2008-12-01 00:00:00","ruby","161"
"2009-01-01 00:00:00","delphi","164"
"2009-01-01 00:00:00","r","8"
"2009-01-01 00:00:00","php","635"
"2009-01-01 00:00:00","java","1149"
"2009-01-01 00:00:00","c#","2378"
"2009-01-01 00:00:00","assembly","22"
"2009-01-01 00:00:00","c++","851"
"2009-01-01 00:00:00","c","321"
"2009-01-01 00:00:00","ruby","207"
"2009-01-01 00:00:00","perl","148"
"2009-01-01 00:00:00","swift","1"
"2009-01-01 00:00:00","javascript","792"
"2009-01-01 00:00:00","python","631"
"2009-02-01 00:00:00","javascript","948"
"2009-02-01 00:00:00","perl","165"
"2009-02-01 00:00:00","python","629"
"2009-02-01 00:00:00","c","332"
"2009-02-01 00:00:00","c#","2599"
"2009-02-01 00:00:00","assembly","37"
"2009-02-01 00:00:00","java","1208"
"2009-02-01 00:00:00","c++","843"
"2009-02-01 00:00:00","r","9"
"2009-02-01 00:00:00","ruby","287"
"2009-02-01 00:00:00","delphi","167"
"2009-02-01 00:00:00","swift","1"
"2009-02-01 00:00:00","php","766"
"2009-03-01 00:00:00","assembly","24"
"2009-03-01 00:00:00","javascript","1007"
"2009-03-01 00:00:00","c#","3163"
"2009-03-01 00:00:00","c","431"
"2009-03-01 00:00:00","java","1438"
"2009-03-01 00:00:00","php","901"
"2009-03-01 00:00:00","c++","1052"
"2009-03-01 00:00:00","r","4"
"2009-03-01 00:00:00","perl","138"
"2009-03-01 00:00:00","delphi","162"
"2009-03-01 00:00:00","ruby","330"
"2009-03-01 00:00:00","python","764"
"2009-03-01 00:00:00","swift","1"
"2009-04-01 00:00:00","assembly","50"
"2009-04-01 00:00:00","javascript","1050"
"2009-04-01 00:00:00","python","767"
"2009-04-01 00:00:00","java","1532"
"2009-04-01 00:00:00","delphi","185"
"2009-04-01 00:00:00","c++","1018"
"2009-04-01 00:00:00","c#","3312"
"2009-04-01 00:00:00","c","457"
"2009-04-01 00:00:00","php","963"
"2009-04-01 00:00:00","perl","161"
"2009-04-01 00:00:00","ruby","358"
"2009-04-01 00:00:00","r","12"
"2009-05-01 00:00:00","javascript","1432"
"2009-05-01 00:00:00","assembly","46"
"2009-05-01 00:00:00","delphi","202"
"2009-05-01 00:00:00","c","480"
"2009-05-01 00:00:00","c#","3554"
"2009-05-01 00:00:00","python","999"
"2009-05-01 00:00:00","ruby","402"
"2009-05-01 00:00:00","java","1816"
"2009-05-01 00:00:00","c++","1216"
"2009-05-01 00:00:00","perl","196"
"2009-05-01 00:00:00","php","1178"
"2009-05-01 00:00:00","r","2"
"2009-05-01 00:00:00","swift","2"
"2009-06-01 00:00:00","c","502"
"2009-06-01 00:00:00","java","2113"
"2009-06-01 00:00:00","assembly","49"
"2009-06-01 00:00:00","delphi","221"
"2009-06-01 00:00:00","c++","1252"
"2009-06-01 00:00:00","javascript","1557"
"2009-06-01 00:00:00","perl","247"
"2009-06-01 00:00:00","c#","3880"
"2009-06-01 00:00:00","r","5"
"2009-06-01 00:00:00","php","1578"
"2009-06-01 00:00:00","ruby","432"
"2009-06-01 00:00:00","python","1043"
"2009-06-01 00:00:00","swift","1"
"2009-07-01 00:00:00","c#","4407"
"2009-07-01 00:00:00","assembly","32"
"2009-07-01 00:00:00","c++","1465"
"2009-07-01 00:00:00","python","1160"
"2009-07-01 00:00:00","java","2258"
"2009-07-01 00:00:00","perl","258"
"2009-07-01 00:00:00","c","540"
"2009-07-01 00:00:00","delphi","269"
"2009-07-01 00:00:00","javascript","1752"
"2009-07-01 00:00:00","r","51"
"2009-07-01 00:00:00","ruby","500"
"2009-07-01 00:00:00","php","2028"
"2009-08-01 00:00:00","assembly","48"
"2009-08-01 00:00:00","c","530"
"2009-08-01 00:00:00","delphi","246"
"2009-08-01 00:00:00","javascript","1857"
"2009-08-01 00:00:00","perl","251"
"2009-08-01 00:00:00","java","2190"
"2009-08-01 00:00:00","php","2186"
"2009-08-01 00:00:00","c#","4456"
"2009-08-01 00:00:00","r","47"
"2009-08-01 00:00:00","python","1138"
"2009-08-01 00:00:00","c++","1400"
"2009-08-01 00:00:00","ruby","485"
"2009-08-01 00:00:00","swift","3"
"2009-09-01 00:00:00","java","2262"
"2009-09-01 00:00:00","javascript","1755"
"2009-09-01 00:00:00","c#","4351"
"2009-09-01 00:00:00","c","573"
"2009-09-01 00:00:00","assembly","62"
"2009-09-01 00:00:00","php","2265"
"2009-09-01 00:00:00","c++","1462"
"2009-09-01 00:00:00","perl","250"
"2009-09-01 00:00:00","python","1165"
"2009-09-01 00:00:00","delphi","251"
"2009-09-01 00:00:00","ruby","477"
"2009-09-01 00:00:00","r","138"
"2009-09-01 00:00:00","swift","2"
"2009-10-01 00:00:00","assembly","74"
"2009-10-01 00:00:00","delphi","255"
"2009-10-01 00:00:00","javascript","2043"
"2009-10-01 00:00:00","c++","1686"
"2009-10-01 00:00:00","java","2505"
"2009-10-01 00:00:00","c#","4724"
"2009-10-01 00:00:00","c","776"
"2009-10-01 00:00:00","python","1420"
"2009-10-01 00:00:00","perl","282"
"2009-10-01 00:00:00","php","2360"
"2009-10-01 00:00:00","r","73"
"2009-10-01 00:00:00","ruby","493"
"2009-10-01 00:00:00","swift","1"
"2009-11-01 00:00:00","delphi","274"
"2009-11-01 00:00:00","python","1554"
"2009-11-01 00:00:00","c#","4679"
"2009-11-01 00:00:00","c","959"
"2009-11-01 00:00:00","javascript","2228"
"2009-11-01 00:00:00","assembly","82"
"2009-11-01 00:00:00","c++","1751"
"2009-11-01 00:00:00","go","65"
"2009-11-01 00:00:00","ruby","654"
"2009-11-01 00:00:00","perl","323"
"2009-11-01 00:00:00","php","2687"
"2009-11-01 00:00:00","java","2760"
"2009-11-01 00:00:00","swift","3"
"2009-11-01 00:00:00","r","94"
"2009-12-01 00:00:00","delphi","282"
"2009-12-01 00:00:00","php","2827"
"2009-12-01 00:00:00","assembly","62"
"2009-12-01 00:00:00","java","2686"
"2009-12-01 00:00:00","python","1589"
"2009-12-01 00:00:00","c#","4486"
"2009-12-01 00:00:00","perl","261"
"2009-12-01 00:00:00","c","850"
"2009-12-01 00:00:00","r","80"
"2009-12-01 00:00:00","go","11"
"2009-12-01 00:00:00","javascript","2306"
"2009-12-01 00:00:00","ruby","573"
"2009-12-01 00:00:00","c++","1653"
"2009-12-01 00:00:00","swift","1"
"2010-01-01 00:00:00","javascript","2622"
"2010-01-01 00:00:00","assembly","101"
"2010-01-01 00:00:00","c++","2000"
"2010-01-01 00:00:00","python","1946"
"2010-01-01 00:00:00","c#","5111"
"2010-01-01 00:00:00","go","15"
"2010-01-01 00:00:00","c","981"
"2010-01-01 00:00:00","delphi","303"
"2010-01-01 00:00:00","java","3727"
"2010-01-01 00:00:00","perl","302"
"2010-01-01 00:00:00","ruby","684"
"2010-01-01 00:00:00","php","3434"
"2010-01-01 00:00:00","r","94"
"2010-02-01 00:00:00","assembly","69"
"2010-02-01 00:00:00","c","1034"
"2010-02-01 00:00:00","delphi","283"
"2010-02-01 00:00:00","c#","5099"
"2010-02-01 00:00:00","perl","348"
"2010-02-01 00:00:00","java","3576"
"2010-02-01 00:00:00","go","7"
"2010-02-01 00:00:00","javascript","2639"
"2010-02-01 00:00:00","php","3166"
"2010-02-01 00:00:00","r","122"
"2010-02-01 00:00:00","c++","2277"
"2010-02-01 00:00:00","python","1862"
"2010-02-01 00:00:00","swift","2"
"2010-02-01 00:00:00","ruby","688"
"2010-03-01 00:00:00","assembly","123"
"2010-03-01 00:00:00","javascript","2987"
"2010-03-01 00:00:00","go","8"
"2010-03-01 00:00:00","python","2073"
"2010-03-01 00:00:00","delphi","318"
"2010-03-01 00:00:00","c++","2435"
"2010-03-01 00:00:00","c","1114"
"2010-03-01 00:00:00","c#","6034"
"2010-03-01 00:00:00","java","4444"
"2010-03-01 00:00:00","php","3748"
"2010-03-01 00:00:00","perl","392"
"2010-03-01 00:00:00","ruby","695"
"2010-03-01 00:00:00","r","139"
"2010-03-01 00:00:00","swift","1"
"2010-04-01 00:00:00","c","1183"
"2010-04-01 00:00:00","javascript","3007"
"2010-04-01 00:00:00","python","1813"
"2010-04-01 00:00:00","delphi","271"
"2010-04-01 00:00:00","assembly","124"
"2010-04-01 00:00:00","c#","5780"
"2010-04-01 00:00:00","ruby","752"
"2010-04-01 00:00:00","php","3646"
"2010-04-01 00:00:00","java","3888"
"2010-04-01 00:00:00","go","10"
"2010-04-01 00:00:00","swift","2"
"2010-04-01 00:00:00","c++","2490"
"2010-04-01 00:00:00","r","160"
"2010-04-01 00:00:00","perl","364"
"2010-05-01 00:00:00","java","4171"
"2010-05-01 00:00:00","assembly","108"
"2010-05-01 00:00:00","c++","2421"
"2010-05-01 00:00:00","delphi","280"
"2010-05-01 00:00:00","javascript","3231"
"2010-05-01 00:00:00","perl","286"
"2010-05-01 00:00:00","c","1181"
"2010-05-01 00:00:00","c#","5932"
"2010-05-01 00:00:00","r","139"
"2010-05-01 00:00:00","php","3992"
"2010-05-01 00:00:00","ruby","776"
"2010-05-01 00:00:00","go","17"
"2010-05-01 00:00:00","swift","1"
"2010-05-01 00:00:00","python","2008"
"2010-06-01 00:00:00","assembly","91"
"2010-06-01 00:00:00","java","4283"
"2010-06-01 00:00:00","c#","6147"
"2010-06-01 00:00:00","javascript","3470"
"2010-06-01 00:00:00","delphi","329"
"2010-06-01 00:00:00","c","1155"
"2010-06-01 00:00:00","go","15"
"2010-06-01 00:00:00","c++","2825"
"2010-06-01 00:00:00","php","4092"
"2010-06-01 00:00:00","perl","409"
"2010-06-01 00:00:00","ruby","853"
"2010-06-01 00:00:00","python","2206"
"2010-06-01 00:00:00","swift","3"
"2010-06-01 00:00:00","r","176"
"2010-07-01 00:00:00","c","1288"
"2010-07-01 00:00:00","c#","6683"
"2010-07-01 00:00:00","php","4602"
"2010-07-01 00:00:00","delphi","334"
"2010-07-01 00:00:00","java","4517"
"2010-07-01 00:00:00","javascript","3878"
"2010-07-01 00:00:00","assembly","97"
"2010-07-01 00:00:00","go","8"
"2010-07-01 00:00:00","r","234"
"2010-07-01 00:00:00","c++","2686"
"2010-07-01 00:00:00","perl","435"
"2010-07-01 00:00:00","python","2595"
"2010-07-01 00:00:00","swift","1"
"2010-07-01 00:00:00","ruby","912"
"2010-08-01 00:00:00","javascript","4001"
"2010-08-01 00:00:00","java","4707"
"2010-08-01 00:00:00","c#","6964"
"2010-08-01 00:00:00","go","13"
"2010-08-01 00:00:00","php","5141"
"2010-08-01 00:00:00","assembly","86"
"2010-08-01 00:00:00","c++","2637"
"2010-08-01 00:00:00","c","1365"
"2010-08-01 00:00:00","ruby","995"
"2010-08-01 00:00:00","perl","547"
"2010-08-01 00:00:00","swift","2"
"2010-08-01 00:00:00","r","283"
"2010-08-01 00:00:00","python","2491"
"2010-08-01 00:00:00","delphi","354"
"2010-09-01 00:00:00","assembly","117"
"2010-09-01 00:00:00","javascript","3995"
"2010-09-01 00:00:00","java","4718"
"2010-09-01 00:00:00","python","2249"
"2010-09-01 00:00:00","delphi","319"
"2010-09-01 00:00:00","c++","2736"
"2010-09-01 00:00:00","c","1377"
"2010-09-01 00:00:00","c#","6406"
"2010-09-01 00:00:00","perl","460"
"2010-09-01 00:00:00","php","4697"
"2010-09-01 00:00:00","go","9"
"2010-09-01 00:00:00","ruby","936"
"2010-09-01 00:00:00","r","236"
"2010-09-01 00:00:00","swift","2"
"2010-10-01 00:00:00","javascript","4113"
"2010-10-01 00:00:00","delphi","361"
"2010-10-01 00:00:00","c","1442"
"2010-10-01 00:00:00","assembly","123"
"2010-10-01 00:00:00","c#","6738"
"2010-10-01 00:00:00","python","2673"
"2010-10-01 00:00:00","go","13"
"2010-10-01 00:00:00","perl","499"
"2010-10-01 00:00:00","php","4517"
"2010-10-01 00:00:00","java","5028"
"2010-10-01 00:00:00","c++","2934"
"2010-10-01 00:00:00","r","214"
"2010-10-01 00:00:00","ruby","926"
"2010-10-01 00:00:00","swift","1"
"2010-11-01 00:00:00","java","5599"
"2010-11-01 00:00:00","assembly","165"
"2010-11-01 00:00:00","c","1675"
"2010-11-01 00:00:00","delphi","390"
"2010-11-01 00:00:00","javascript","4547"
"2010-11-01 00:00:00","perl","465"
"2010-11-01 00:00:00","c++","3375"
"2010-11-01 00:00:00","c#","7318"
"2010-11-01 00:00:00","r","242"
"2010-11-01 00:00:00","php","5113"
"2010-11-01 00:00:00","ruby","929"
"2010-11-01 00:00:00","go","16"
"2010-11-01 00:00:00","swift","1"
"2010-11-01 00:00:00","python","2606"
"2010-12-01 00:00:00","c#","7109"
"2010-12-01 00:00:00","c++","3137"
"2010-12-01 00:00:00","python","2483"
"2010-12-01 00:00:00","assembly","126"
"2010-12-01 00:00:00","java","5680"
"2010-12-01 00:00:00","c","1469"
"2010-12-01 00:00:00","go","18"
"2010-12-01 00:00:00","javascript","4952"
"2010-12-01 00:00:00","delphi","321"
"2010-12-01 00:00:00","ruby","1023"
"2010-12-01 00:00:00","perl","501"
"2010-12-01 00:00:00","swift","2"
"2010-12-01 00:00:00","php","5394"
"2010-12-01 00:00:00","r","223"
"2011-01-01 00:00:00","c","1460"
"2011-01-01 00:00:00","delphi","369"
"2011-01-01 00:00:00","assembly","134"
"2011-01-01 00:00:00","c#","7989"
"2011-01-01 00:00:00","java","6541"
"2011-01-01 00:00:00","go","15"
"2011-01-01 00:00:00","perl","479"
"2011-01-01 00:00:00","javascript","5423"
"2011-01-01 00:00:00","r","250"
"2011-01-01 00:00:00","c++","3495"
"2011-01-01 00:00:00","php","6440"
"2011-01-01 00:00:00","python","2903"
"2011-01-01 00:00:00","swift","4"
"2011-01-01 00:00:00","ruby","1204"
"2011-02-01 00:00:00","javascript","5589"
"2011-02-01 00:00:00","java","6872"
"2011-02-01 00:00:00","c#","8223"
"2011-02-01 00:00:00","go","16"
"2011-02-01 00:00:00","php","6714"
"2011-02-01 00:00:00","assembly","146"
"2011-02-01 00:00:00","c++","3445"
"2011-02-01 00:00:00","c","1638"
"2011-02-01 00:00:00","ruby","1251"
"2011-02-01 00:00:00","perl","483"
"2011-02-01 00:00:00","swift","5"
"2011-02-01 00:00:00","r","322"
"2011-02-01 00:00:00","python","3012"
"2011-02-01 00:00:00","delphi","359"
"2011-03-01 00:00:00","php","8118"
"2011-03-01 00:00:00","assembly","192"
"2011-03-01 00:00:00","python","3749"
"2011-03-01 00:00:00","javascript","6771"
"2011-03-01 00:00:00","c#","9988"
"2011-03-01 00:00:00","c","2110"
"2011-03-01 00:00:00","ruby","1639"
"2011-03-01 00:00:00","c++","4179"
"2011-03-01 00:00:00","delphi","518"
"2011-03-01 00:00:00","java","8479"
"2011-03-01 00:00:00","swift","3"
"2011-03-01 00:00:00","perl","604"
"2011-03-01 00:00:00","go","3"
"2011-03-01 00:00:00","r","422"
"2011-04-01 00:00:00","java","7898"
"2011-04-01 00:00:00","delphi","402"
"2011-04-01 00:00:00","perl","552"
"2011-04-01 00:00:00","c#","9282"
"2011-04-01 00:00:00","c","2040"
"2011-04-01 00:00:00","php","7661"
"2011-04-01 00:00:00","assembly","159"
"2011-04-01 00:00:00","c++","4166"
"2011-04-01 00:00:00","javascript","6879"
"2011-04-01 00:00:00","go","7"
"2011-04-01 00:00:00","r","476"
"2011-04-01 00:00:00","ruby","1476"
"2011-04-01 00:00:00","python","3342"
"2011-04-01 00:00:00","swift","3"
"2011-05-01 00:00:00","c++","3882"
"2011-05-01 00:00:00","assembly","158"
"2011-05-01 00:00:00","c#","10016"
"2011-05-01 00:00:00","java","8568"
"2011-05-01 00:00:00","javascript","7311"
"2011-05-01 00:00:00","delphi","475"
"2011-05-01 00:00:00","go","36"
"2011-05-01 00:00:00","c","1824"
"2011-05-01 00:00:00","ruby","1565"
"2011-05-01 00:00:00","php","8110"
"2011-05-01 00:00:00","swift","1"
"2011-05-01 00:00:00","perl","582"
"2011-05-01 00:00:00","python","3516"
"2011-05-01 00:00:00","r","427"
"2011-06-01 00:00:00","python","3472"
"2011-06-01 00:00:00","c#","9763"
"2011-06-01 00:00:00","assembly","139"
"2011-06-01 00:00:00","javascript","7686"
"2011-06-01 00:00:00","c","1764"
"2011-06-01 00:00:00","c++","3813"
"2011-06-01 00:00:00","perl","567"
"2011-06-01 00:00:00","ruby","1558"
"2011-06-01 00:00:00","delphi","456"
"2011-06-01 00:00:00","java","7912"
"2011-06-01 00:00:00","php","8048"
"2011-06-01 00:00:00","swift","4"
"2011-06-01 00:00:00","go","34"
"2011-06-01 00:00:00","r","444"
"2011-07-01 00:00:00","c#","9610"
"2011-07-01 00:00:00","javascript","8112"
"2011-07-01 00:00:00","java","8164"
"2011-07-01 00:00:00","go","26"
"2011-07-01 00:00:00","c++","3850"
"2011-07-01 00:00:00","php","8709"
"2011-07-01 00:00:00","assembly","141"
"2011-07-01 00:00:00","c","1659"
"2011-07-01 00:00:00","ruby","1583"
"2011-07-01 00:00:00","r","454"
"2011-07-01 00:00:00","perl","659"
"2011-07-01 00:00:00","delphi","429"
"2011-07-01 00:00:00","swift","12"
"2011-07-01 00:00:00","python","3661"
"2011-08-01 00:00:00","assembly","159"
"2011-08-01 00:00:00","go","40"
"2011-08-01 00:00:00","python","3828"
"2011-08-01 00:00:00","javascript","8911"
"2011-08-01 00:00:00","delphi","424"
"2011-08-01 00:00:00","c","1823"
"2011-08-01 00:00:00","c#","10075"
"2011-08-01 00:00:00","c++","3953"
"2011-08-01 00:00:00","java","8693"
"2011-08-01 00:00:00","php","8950"
"2011-08-01 00:00:00","perl","613"
"2011-08-01 00:00:00","ruby","1860"
"2011-08-01 00:00:00","r","587"
"2011-08-01 00:00:00","swift","8"
"2011-09-01 00:00:00","c","1916"
"2011-09-01 00:00:00","python","3520"
"2011-09-01 00:00:00","javascript","8197"
"2011-09-01 00:00:00","delphi","414"
"2011-09-01 00:00:00","assembly","155"
"2011-09-01 00:00:00","ruby","1549"
"2011-09-01 00:00:00","java","8332"
"2011-09-01 00:00:00","c#","9307"
"2011-09-01 00:00:00","c++","3946"
"2011-09-01 00:00:00","swift","6"
"2011-09-01 00:00:00","r","612"
"2011-09-01 00:00:00","php","8088"
"2011-09-01 00:00:00","perl","500"
"2011-09-01 00:00:00","go","26"
"2011-10-01 00:00:00","java","8566"
"2011-10-01 00:00:00","assembly","212"
"2011-10-01 00:00:00","delphi","465"
"2011-10-01 00:00:00","c++","4355"
"2011-10-01 00:00:00","javascript","8039"
"2011-10-01 00:00:00","perl","555"
"2011-10-01 00:00:00","c#","9229"
"2011-10-01 00:00:00","c","2139"
"2011-10-01 00:00:00","go","40"
"2011-10-01 00:00:00","php","8088"
"2011-10-01 00:00:00","r","621"
"2011-10-01 00:00:00","python","3625"
"2011-10-01 00:00:00","ruby","1616"
"2011-10-01 00:00:00","swift","6"
"2011-11-01 00:00:00","assembly","209"
"2011-11-01 00:00:00","javascript","8694"
"2011-11-01 00:00:00","java","9655"
"2011-11-01 00:00:00","c#","9915"
"2011-11-01 00:00:00","delphi","507"
"2011-11-01 00:00:00","c++","4485"
"2011-11-01 00:00:00","c","2198"
"2011-11-01 00:00:00","go","66"
"2011-11-01 00:00:00","php","8710"
"2011-11-01 00:00:00","ruby","1741"
"2011-11-01 00:00:00","perl","606"
"2011-11-01 00:00:00","swift","4"
"2011-11-01 00:00:00","python","3876"
"2011-11-01 00:00:00","r","607"
"2011-12-01 00:00:00","java","9216"
"2011-12-01 00:00:00","php","8355"
"2011-12-01 00:00:00","c#","9324"
"2011-12-01 00:00:00","delphi","573"
"2011-12-01 00:00:00","c","2005"
"2011-12-01 00:00:00","assembly","228"
"2011-12-01 00:00:00","javascript","8347"
"2011-12-01 00:00:00","go","52"
"2011-12-01 00:00:00","r","614"
"2011-12-01 00:00:00","perl","538"
"2011-12-01 00:00:00","c++","4363"
"2011-12-01 00:00:00","python","3624"
"2011-12-01 00:00:00","swift","2"
"2011-12-01 00:00:00","ruby","1686"
"2012-01-01 00:00:00","java","10155"
"2012-01-01 00:00:00","javascript","9613"
"2012-01-01 00:00:00","c#","10459"
"2012-01-01 00:00:00","go","37"
"2012-01-01 00:00:00","assembly","169"
"2012-01-01 00:00:00","php","9342"
"2012-01-01 00:00:00","c++","4548"
"2012-01-01 00:00:00","c","2234"
"2012-01-01 00:00:00","perl","563"
"2012-01-01 00:00:00","r","690"
"2012-01-01 00:00:00","ruby","1907"
"2012-01-01 00:00:00","delphi","514"
"2012-01-01 00:00:00","python","4211"
"2012-01-01 00:00:00","swift","6"
"2012-02-01 00:00:00","assembly","232"
"2012-02-01 00:00:00","javascript","9996"
"2012-02-01 00:00:00","python","4492"
"2012-02-01 00:00:00","java","10966"
"2012-02-01 00:00:00","delphi","472"
"2012-02-01 00:00:00","c++","5106"
"2012-02-01 00:00:00","c#","10766"
"2012-02-01 00:00:00","c","2407"
"2012-02-01 00:00:00","php","9958"
"2012-02-01 00:00:00","perl","613"
"2012-02-01 00:00:00","ruby","2047"
"2012-02-01 00:00:00","go","31"
"2012-02-01 00:00:00","swift","9"
"2012-02-01 00:00:00","r","813"
"2012-03-01 00:00:00","delphi","497"
"2012-03-01 00:00:00","c++","5240"
"2012-03-01 00:00:00","java","12410"
"2012-03-01 00:00:00","assembly","261"
"2012-03-01 00:00:00","c#","11607"
"2012-03-01 00:00:00","c","2732"
"2012-03-01 00:00:00","javascript","10725"
"2012-03-01 00:00:00","php","10922"
"2012-03-01 00:00:00","go","47"
"2012-03-01 00:00:00","perl","608"
"2012-03-01 00:00:00","python","5042"
"2012-03-01 00:00:00","r","889"
"2012-03-01 00:00:00","ruby","2193"
"2012-03-01 00:00:00","swift","4"
"2012-04-01 00:00:00","delphi","482"
"2012-04-01 00:00:00","java","12040"
"2012-04-01 00:00:00","assembly","276"
"2012-04-01 00:00:00","php","10431"
"2012-04-01 00:00:00","c","2671"
"2012-04-01 00:00:00","c++","5311"
"2012-04-01 00:00:00","perl","600"
"2012-04-01 00:00:00","c#","11134"
"2012-04-01 00:00:00","python","4920"
"2012-04-01 00:00:00","javascript","10680"
"2012-04-01 00:00:00","r","843"
"2012-04-01 00:00:00","go","69"
"2012-04-01 00:00:00","ruby","1971"
"2012-04-01 00:00:00","swift","5"
"2012-05-01 00:00:00","assembly","226"
"2012-05-01 00:00:00","c++","4989"
"2012-05-01 00:00:00","c#","11580"
"2012-05-01 00:00:00","java","12191"
"2012-05-01 00:00:00","delphi","480"
"2012-05-01 00:00:00","javascript","11526"
"2012-05-01 00:00:00","go","69"
"2012-05-01 00:00:00","c","2484"
"2012-05-01 00:00:00","perl","644"
"2012-05-01 00:00:00","ruby","1979"
"2012-05-01 00:00:00","php","10956"
"2012-05-01 00:00:00","r","876"
"2012-05-01 00:00:00","swift","6"
"2012-05-01 00:00:00","python","5103"
"2012-06-01 00:00:00","java","11109"
"2012-06-01 00:00:00","go","72"
"2012-06-01 00:00:00","c#","11325"
"2012-06-01 00:00:00","javascript","11240"
"2012-06-01 00:00:00","assembly","201"
"2012-06-01 00:00:00","c","2311"
"2012-06-01 00:00:00","c++","4653"
"2012-06-01 00:00:00","php","10599"
"2012-06-01 00:00:00","python","5281"
"2012-06-01 00:00:00","perl","740"
"2012-06-01 00:00:00","ruby","1891"
"2012-06-01 00:00:00","delphi","418"
"2012-06-01 00:00:00","swift","4"
"2012-06-01 00:00:00","r","974"
"2012-07-01 00:00:00","delphi","441"
"2012-07-01 00:00:00","assembly","201"
"2012-07-01 00:00:00","c++","5281"
"2012-07-01 00:00:00","c","2371"
"2012-07-01 00:00:00","c#","12320"
"2012-07-01 00:00:00","java","12258"
"2012-07-01 00:00:00","python","5724"
"2012-07-01 00:00:00","go","76"
"2012-07-01 00:00:00","javascript","12310"
"2012-07-01 00:00:00","perl","667"
"2012-07-01 00:00:00","swift","9"
"2012-07-01 00:00:00","r","1120"
"2012-07-01 00:00:00","php","11748"
"2012-07-01 00:00:00","ruby","2060"
"2012-08-01 00:00:00","php","11901"
"2012-08-01 00:00:00","assembly","189"
"2012-08-01 00:00:00","c#","11950"
"2012-08-01 00:00:00","go","72"
"2012-08-01 00:00:00","c++","5164"
"2012-08-01 00:00:00","delphi","403"
"2012-08-01 00:00:00","python","5863"
"2012-08-01 00:00:00","c","2319"
"2012-08-01 00:00:00","javascript","12432"
"2012-08-01 00:00:00","perl","762"
"2012-08-01 00:00:00","ruby","2061"
"2012-08-01 00:00:00","java","12257"
"2012-08-01 00:00:00","swift","5"
"2012-08-01 00:00:00","r","1089"
"2012-09-01 00:00:00","javascript","11165"
"2012-09-01 00:00:00","c","2531"
"2012-09-01 00:00:00","c#","11274"
"2012-09-01 00:00:00","assembly","225"
"2012-09-01 00:00:00","java","11620"
"2012-09-01 00:00:00","c++","4910"
"2012-09-01 00:00:00","delphi","385"
"2012-09-01 00:00:00","php","11003"
"2012-09-01 00:00:00","go","130"
"2012-09-01 00:00:00","perl","663"
"2012-09-01 00:00:00","python","5249"
"2012-09-01 00:00:00","r","1059"
"2012-09-01 00:00:00","ruby","1958"
"2012-09-01 00:00:00","swift","7"
"2012-10-01 00:00:00","c#","12717"
"2012-10-01 00:00:00","delphi","478"
"2012-10-01 00:00:00","c++","5913"
"2012-10-01 00:00:00","go","101"
"2012-10-01 00:00:00","javascript","12427"
"2012-10-01 00:00:00","assembly","314"
"2012-10-01 00:00:00","c","3152"
"2012-10-01 00:00:00","python","6130"
"2012-10-01 00:00:00","java","13499"
"2012-10-01 00:00:00","php","11804"
"2012-10-01 00:00:00","swift","4"
"2012-10-01 00:00:00","perl","685"
"2012-10-01 00:00:00","r","1266"
"2012-10-01 00:00:00","ruby","2260"
"2012-11-01 00:00:00","java","13613"
"2012-11-01 00:00:00","assembly","303"
"2012-11-01 00:00:00","c++","6271"
"2012-11-01 00:00:00","c#","12232"
"2012-11-01 00:00:00","c","3196"
"2012-11-01 00:00:00","delphi","444"
"2012-11-01 00:00:00","javascript","12348"
"2012-11-01 00:00:00","go","104"
"2012-11-01 00:00:00","r","1345"
"2012-11-01 00:00:00","perl","636"
"2012-11-01 00:00:00","ruby","2131"
"2012-11-01 00:00:00","php","11790"
"2012-11-01 00:00:00","python","6391"
"2012-11-01 00:00:00","swift","4"
"2012-12-01 00:00:00","java","12422"
"2012-12-01 00:00:00","delphi","429"
"2012-12-01 00:00:00","assembly","264"
"2012-12-01 00:00:00","c#","10955"
"2012-12-01 00:00:00","c","2565"
"2012-12-01 00:00:00","python","5756"
"2012-12-01 00:00:00","go","113"
"2012-12-01 00:00:00","c++","5683"
"2012-12-01 00:00:00","javascript","11741"
"2012-12-01 00:00:00","ruby","1904"
"2012-12-01 00:00:00","php","11080"
"2012-12-01 00:00:00","swift","3"
"2012-12-01 00:00:00","perl","551"
"2012-12-01 00:00:00","r","1215"
"2013-01-01 00:00:00","java","13714"
"2013-01-01 00:00:00","c#","12760"
"2013-01-01 00:00:00","c","2905"
"2013-01-01 00:00:00","c++","6039"
"2013-01-01 00:00:00","assembly","294"
"2013-01-01 00:00:00","delphi","482"
"2013-01-01 00:00:00","go","101"
"2013-01-01 00:00:00","python","6568"
"2013-01-01 00:00:00","perl","661"
"2013-01-01 00:00:00","javascript","13795"
"2013-01-01 00:00:00","r","1509"
"2013-01-01 00:00:00","swift","5"
"2013-01-01 00:00:00","php","12881"
"2013-01-01 00:00:00","ruby","2307"
"2013-02-01 00:00:00","php","12564"
"2013-02-01 00:00:00","assembly","323"
"2013-02-01 00:00:00","c#","12485"
"2013-02-01 00:00:00","go","117"
"2013-02-01 00:00:00","c++","6066"
"2013-02-01 00:00:00","delphi","449"
"2013-02-01 00:00:00","python","6722"
"2013-02-01 00:00:00","c","3094"
"2013-02-01 00:00:00","javascript","13622"
"2013-02-01 00:00:00","perl","747"
"2013-02-01 00:00:00","ruby","2219"
"2013-02-01 00:00:00","java","13700"
"2013-02-01 00:00:00","swift","6"
"2013-02-01 00:00:00","r","1658"
"2013-03-01 00:00:00","delphi","523"
"2013-03-01 00:00:00","assembly","366"
"2013-03-01 00:00:00","go","127"
"2013-03-01 00:00:00","java","15912"
"2013-03-01 00:00:00","c#","14234"
"2013-03-01 00:00:00","c","3441"
"2013-03-01 00:00:00","ruby","2559"
"2013-03-01 00:00:00","c++","7184"
"2013-03-01 00:00:00","php","14136"
"2013-03-01 00:00:00","perl","852"
"2013-03-01 00:00:00","swift","5"
"2013-03-01 00:00:00","javascript","15294"
"2013-03-01 00:00:00","python","7617"
"2013-03-01 00:00:00","r","1848"
"2013-04-01 00:00:00","c#","13883"
"2013-04-01 00:00:00","go","125"
"2013-04-01 00:00:00","python","7930"
"2013-04-01 00:00:00","c++","7128"
"2013-04-01 00:00:00","java","16228"
"2013-04-01 00:00:00","assembly","331"
"2013-04-01 00:00:00","c","3526"
"2013-04-01 00:00:00","perl","838"
"2013-04-01 00:00:00","javascript","15328"
"2013-04-01 00:00:00","delphi","510"
"2013-04-01 00:00:00","ruby","2462"
"2013-04-01 00:00:00","r","1836"
"2013-04-01 00:00:00","swift","6"
"2013-04-01 00:00:00","php","13432"
"2013-05-01 00:00:00","javascript","15055"
"2013-05-01 00:00:00","java","15291"
"2013-05-01 00:00:00","c#","13476"
"2013-05-01 00:00:00","c","3195"
"2013-05-01 00:00:00","php","13130"
"2013-05-01 00:00:00","assembly","301"
"2013-05-01 00:00:00","c++","6842"
"2013-05-01 00:00:00","go","142"
"2013-05-01 00:00:00","ruby","2343"
"2013-05-01 00:00:00","python","7807"
"2013-05-01 00:00:00","swift","2"
"2013-05-01 00:00:00","delphi","536"
"2013-05-01 00:00:00","perl","905"
"2013-05-01 00:00:00","r","1782"
"2013-06-01 00:00:00","delphi","474"
"2013-06-01 00:00:00","java","13950"
"2013-06-01 00:00:00","assembly","296"
"2013-06-01 00:00:00","c#","12794"
"2013-06-01 00:00:00","c","2941"
"2013-06-01 00:00:00","c++","6191"
"2013-06-01 00:00:00","perl","828"
"2013-06-01 00:00:00","python","7602"
"2013-06-01 00:00:00","go","176"
"2013-06-01 00:00:00","javascript","14621"
"2013-06-01 00:00:00","php","12750"
"2013-06-01 00:00:00","ruby","2225"
"2013-06-01 00:00:00","r","1778"
"2013-06-01 00:00:00","swift","4"
"2013-07-01 00:00:00","c++","6577"
"2013-07-01 00:00:00","assembly","298"
"2013-07-01 00:00:00","go","200"
"2013-07-01 00:00:00","c#","14189"
"2013-07-01 00:00:00","php","14364"
"2013-07-01 00:00:00","delphi","507"
"2013-07-01 00:00:00","c","3018"
"2013-07-01 00:00:00","python","8612"
"2013-07-01 00:00:00","javascript","16832"
"2013-07-01 00:00:00","perl","956"
"2013-07-01 00:00:00","java","15207"
"2013-07-01 00:00:00","ruby","2445"
"2013-07-01 00:00:00","r","1970"
"2013-07-01 00:00:00","swift","7"
"2013-08-01 00:00:00","javascript","16857"
"2013-08-01 00:00:00","assembly","212"
"2013-08-01 00:00:00","c","3010"
"2013-08-01 00:00:00","c#","13866"
"2013-08-01 00:00:00","java","15083"
"2013-08-01 00:00:00","php","14368"
"2013-08-01 00:00:00","c++","6253"
"2013-08-01 00:00:00","delphi","449"
"2013-08-01 00:00:00","perl","838"
"2013-08-01 00:00:00","python","7941"
"2013-08-01 00:00:00","r","1919"
"2013-08-01 00:00:00","go","207"
"2013-08-01 00:00:00","ruby","2482"
"2013-08-01 00:00:00","swift","4"
"2013-09-01 00:00:00","java","16293"
"2013-09-01 00:00:00","delphi","487"
"2013-09-01 00:00:00","assembly","290"
"2013-09-01 00:00:00","php","14308"
"2013-09-01 00:00:00","c++","6561"
"2013-09-01 00:00:00","c#","13775"
"2013-09-01 00:00:00","c","3400"
"2013-09-01 00:00:00","go","237"
"2013-09-01 00:00:00","javascript","17734"
"2013-09-01 00:00:00","ruby","2393"
"2013-09-01 00:00:00","perl","684"
"2013-09-01 00:00:00","swift","10"
"2013-09-01 00:00:00","python","7969"
"2013-09-01 00:00:00","r","1714"
"2013-10-01 00:00:00","assembly","380"
"2013-10-01 00:00:00","c++","7979"
"2013-10-01 00:00:00","java","18752"
"2013-10-01 00:00:00","c#","15214"
"2013-10-01 00:00:00","delphi","521"
"2013-10-01 00:00:00","javascript","19771"
"2013-10-01 00:00:00","c","4242"
"2013-10-01 00:00:00","go","212"
"2013-10-01 00:00:00","perl","815"
"2013-10-01 00:00:00","ruby","2789"
"2013-10-01 00:00:00","r","2091"
"2013-10-01 00:00:00","swift","9"
"2013-10-01 00:00:00","php","15388"
"2013-10-01 00:00:00","python","9492"
"2013-11-01 00:00:00","java","18784"
"2013-11-01 00:00:00","c#","14602"
"2013-11-01 00:00:00","go","209"
"2013-11-01 00:00:00","javascript","18527"
"2013-11-01 00:00:00","assembly","419"
"2013-11-01 00:00:00","c++","8142"
"2013-11-01 00:00:00","c","4291"
"2013-11-01 00:00:00","php","14960"
"2013-11-01 00:00:00","python","9498"
"2013-11-01 00:00:00","ruby","2576"
"2013-11-01 00:00:00","perl","821"
"2013-11-01 00:00:00","swift","6"
"2013-11-01 00:00:00","delphi","462"
"2013-11-01 00:00:00","r","2190"
"2013-12-01 00:00:00","assembly","358"
"2013-12-01 00:00:00","delphi","448"
"2013-12-01 00:00:00","c++","7018"
"2013-12-01 00:00:00","c","3501"
"2013-12-01 00:00:00","java","17479"
"2013-12-01 00:00:00","c#","13641"
"2013-12-01 00:00:00","python","8459"
"2013-12-01 00:00:00","go","240"
"2013-12-01 00:00:00","perl","764"
"2013-12-01 00:00:00","javascript","18047"
"2013-12-01 00:00:00","swift","11"
"2013-12-01 00:00:00","r","1908"
"2013-12-01 00:00:00","ruby","2447"
"2013-12-01 00:00:00","php","14498"
"2014-01-01 00:00:00","php","16866"
"2014-01-01 00:00:00","c#","15345"
"2014-01-01 00:00:00","go","303"
"2014-01-01 00:00:00","assembly","340"
"2014-01-01 00:00:00","c++","7695"
"2014-01-01 00:00:00","python","9845"
"2014-01-01 00:00:00","c","3738"
"2014-01-01 00:00:00","delphi","491"
"2014-01-01 00:00:00","javascript","21137"
"2014-01-01 00:00:00","perl","812"
"2014-01-01 00:00:00","java","18700"
"2014-01-01 00:00:00","ruby","2766"
"2014-01-01 00:00:00","r","2354"
"2014-01-01 00:00:00","swift","5"
"2014-02-01 00:00:00","javascript","21185"
"2014-02-01 00:00:00","assembly","375"
"2014-02-01 00:00:00","c","3975"
"2014-02-01 00:00:00","c#","15129"
"2014-02-01 00:00:00","java","19283"
"2014-02-01 00:00:00","php","16614"
"2014-02-01 00:00:00","c++","7686"
"2014-02-01 00:00:00","delphi","492"
"2014-02-01 00:00:00","perl","795"
"2014-02-01 00:00:00","python","9900"
"2014-02-01 00:00:00","r","2618"
"2014-02-01 00:00:00","go","205"
"2014-02-01 00:00:00","ruby","2609"
"2014-02-01 00:00:00","swift","12"
"2014-03-01 00:00:00","assembly","452"
"2014-03-01 00:00:00","c#","16187"
"2014-03-01 00:00:00","python","11424"
"2014-03-01 00:00:00","c++","8670"
"2014-03-01 00:00:00","go","255"
"2014-03-01 00:00:00","java","21996"
"2014-03-01 00:00:00","delphi","441"
"2014-03-01 00:00:00","c","4563"
"2014-03-01 00:00:00","perl","909"
"2014-03-01 00:00:00","javascript","22670"
"2014-03-01 00:00:00","php","18397"
"2014-03-01 00:00:00","ruby","2948"
"2014-03-01 00:00:00","r","2812"
"2014-03-01 00:00:00","swift","5"
"2014-04-01 00:00:00","c","4014"
"2014-04-01 00:00:00","perl","822"
"2014-04-01 00:00:00","c#","15343"
"2014-04-01 00:00:00","delphi","391"
"2014-04-01 00:00:00","java","20925"
"2014-04-01 00:00:00","assembly","365"
"2014-04-01 00:00:00","javascript","21463"
"2014-04-01 00:00:00","go","342"
"2014-04-01 00:00:00","r","2737"
"2014-04-01 00:00:00","php","17776"
"2014-04-01 00:00:00","c++","8141"
"2014-04-01 00:00:00","python","10777"
"2014-04-01 00:00:00","swift","5"
"2014-04-01 00:00:00","ruby","2746"
"2014-05-01 00:00:00","java","17991"
"2014-05-01 00:00:00","delphi","474"
"2014-05-01 00:00:00","c","3265"
"2014-05-01 00:00:00","python","9250"
"2014-05-01 00:00:00","c++","6787"
"2014-05-01 00:00:00","c#","13920"
"2014-05-01 00:00:00","assembly","330"
"2014-05-01 00:00:00","ruby","2679"
"2014-05-01 00:00:00","javascript","19824"
"2014-05-01 00:00:00","go","280"
"2014-05-01 00:00:00","swift","9"
"2014-05-01 00:00:00","perl","797"
"2014-05-01 00:00:00","r","2586"
"2014-05-01 00:00:00","php","14819"
"2014-06-01 00:00:00","java","15942"
"2014-06-01 00:00:00","delphi","413"
"2014-06-01 00:00:00","javascript","18321"
"2014-06-01 00:00:00","python","8920"
"2014-06-01 00:00:00","assembly","271"
"2014-06-01 00:00:00","c#","12515"
"2014-06-01 00:00:00","c","2776"
"2014-06-01 00:00:00","c++","5674"
"2014-06-01 00:00:00","perl","678"
"2014-06-01 00:00:00","php","13080"
"2014-06-01 00:00:00","r","2399"
"2014-06-01 00:00:00","ruby","2338"
"2014-06-01 00:00:00","go","288"
"2014-06-01 00:00:00","swift","2410"
"2014-07-01 00:00:00","javascript","20148"
"2014-07-01 00:00:00","c++","6272"
"2014-07-01 00:00:00","c#","13701"
"2014-07-01 00:00:00","assembly","217"
"2014-07-01 00:00:00","java","17398"
"2014-07-01 00:00:00","c","2837"
"2014-07-01 00:00:00","delphi","446"
"2014-07-01 00:00:00","php","14329"
"2014-07-01 00:00:00","go","451"
"2014-07-01 00:00:00","perl","732"
"2014-07-01 00:00:00","python","9919"
"2014-07-01 00:00:00","r","2639"
"2014-07-01 00:00:00","ruby","2562"
"2014-07-01 00:00:00","swift","1645"
"2014-08-01 00:00:00","delphi","423"
"2014-08-01 00:00:00","java","15751"
"2014-08-01 00:00:00","assembly","183"
"2014-08-01 00:00:00","c#","12505"
"2014-08-01 00:00:00","c","2677"
"2014-08-01 00:00:00","c++","5882"
"2014-08-01 00:00:00","perl","683"
"2014-08-01 00:00:00","go","405"
"2014-08-01 00:00:00","python","9118"
"2014-08-01 00:00:00","javascript","18474"
"2014-08-01 00:00:00","r","2476"
"2014-08-01 00:00:00","php","13243"
"2014-08-01 00:00:00","swift","1702"
"2014-08-01 00:00:00","ruby","2467"
"2014-09-01 00:00:00","c#","12328"
"2014-09-01 00:00:00","assembly","283"
"2014-09-01 00:00:00","c++","6199"
"2014-09-01 00:00:00","python","8778"
"2014-09-01 00:00:00","java","16718"
"2014-09-01 00:00:00","go","392"
"2014-09-01 00:00:00","c","3234"
"2014-09-01 00:00:00","delphi","447"
"2014-09-01 00:00:00","javascript","18140"
"2014-09-01 00:00:00","perl","679"
"2014-09-01 00:00:00","ruby","2278"
"2014-09-01 00:00:00","php","13405"
"2014-09-01 00:00:00","swift","1906"
"2014-09-01 00:00:00","r","2369"
"2014-10-01 00:00:00","c#","12563"
"2014-10-01 00:00:00","javascript","18930"
"2014-10-01 00:00:00","java","17916"
"2014-10-01 00:00:00","go","383"
"2014-10-01 00:00:00","c++","6838"
"2014-10-01 00:00:00","php","13649"
"2014-10-01 00:00:00","assembly","392"
"2014-10-01 00:00:00","c","3805"
"2014-10-01 00:00:00","ruby","2344"
"2014-10-01 00:00:00","perl","639"
"2014-10-01 00:00:00","python","9583"
"2014-10-01 00:00:00","delphi","410"
"2014-10-01 00:00:00","swift","2466"
"2014-10-01 00:00:00","r","2779"
"2014-11-01 00:00:00","java","17864"
"2014-11-01 00:00:00","delphi","429"
"2014-11-01 00:00:00","assembly","386"
"2014-11-01 00:00:00","c#","11877"
"2014-11-01 00:00:00","c++","6565"
"2014-11-01 00:00:00","python","9574"
"2014-11-01 00:00:00","c","3672"
"2014-11-01 00:00:00","ruby","2115"
"2014-11-01 00:00:00","javascript","17991"
"2014-11-01 00:00:00","perl","656"
"2014-11-01 00:00:00","swift","2563"
"2014-11-01 00:00:00","go","336"
"2014-11-01 00:00:00","php","13082"
"2014-11-01 00:00:00","r","2706"
"2014-12-01 00:00:00","c++","6081"
"2014-12-01 00:00:00","assembly","328"
"2014-12-01 00:00:00","c#","11092"
"2014-12-01 00:00:00","go","350"
"2014-12-01 00:00:00","php","12389"
"2014-12-01 00:00:00","delphi","314"
"2014-12-01 00:00:00","python","9042"
"2014-12-01 00:00:00","c","3155"
"2014-12-01 00:00:00","javascript","17004"
"2014-12-01 00:00:00","perl","567"
"2014-12-01 00:00:00","ruby","2147"
"2014-12-01 00:00:00","java","16392"
"2014-12-01 00:00:00","swift","2492"
"2014-12-01 00:00:00","r","2360"
"2015-01-01 00:00:00","javascript","18546"
"2015-01-01 00:00:00","c","3211"
"2015-01-01 00:00:00","c#","11758"
"2015-01-01 00:00:00","assembly","334"
"2015-01-01 00:00:00","java","16548"
"2015-01-01 00:00:00","c++","6130"
"2015-01-01 00:00:00","delphi","380"
"2015-01-01 00:00:00","php","13655"
"2015-01-01 00:00:00","go","469"
"2015-01-01 00:00:00","perl","590"
"2015-01-01 00:00:00","python","9682"
"2015-01-01 00:00:00","r","2689"
"2015-01-01 00:00:00","ruby","2431"
"2015-01-01 00:00:00","swift","3056"
"2015-02-01 00:00:00","delphi","416"
"2015-02-01 00:00:00","java","16768"
"2015-02-01 00:00:00","assembly","358"
"2015-02-01 00:00:00","php","13557"
"2015-02-01 00:00:00","c","3366"
"2015-02-01 00:00:00","c++","6479"
"2015-02-01 00:00:00","perl","566"
"2015-02-01 00:00:00","c#","11795"
"2015-02-01 00:00:00","python","10202"
"2015-02-01 00:00:00","javascript","18684"
"2015-02-01 00:00:00","r","2975"
"2015-02-01 00:00:00","go","383"
"2015-02-01 00:00:00","ruby","2258"
"2015-02-01 00:00:00","swift","3242"
"2015-03-01 00:00:00","assembly","385"
"2015-03-01 00:00:00","javascript","20562"
"2015-03-01 00:00:00","c","3919"
"2015-03-01 00:00:00","delphi","410"
"2015-03-01 00:00:00","perl","641"
"2015-03-01 00:00:00","c#","13273"
"2015-03-01 00:00:00","java","19785"
"2015-03-01 00:00:00","go","469"
"2015-03-01 00:00:00","php","14967"
"2015-03-01 00:00:00","python","11612"
"2015-03-01 00:00:00","r","3565"
"2015-03-01 00:00:00","c++","7394"
"2015-03-01 00:00:00","ruby","2461"
"2015-03-01 00:00:00","swift","3603"
"2015-04-01 00:00:00","php","15020"
"2015-04-01 00:00:00","java","19841"
"2015-04-01 00:00:00","c++","7150"
"2015-04-01 00:00:00","c","3952"
"2015-04-01 00:00:00","javascript","20923"
"2015-04-01 00:00:00","assembly","440"
"2015-04-01 00:00:00","c#","13097"
"2015-04-01 00:00:00","go","390"
"2015-04-01 00:00:00","python","11456"
"2015-04-01 00:00:00","perl","577"
"2015-04-01 00:00:00","ruby","2505"
"2015-04-01 00:00:00","delphi","390"
"2015-04-01 00:00:00","swift","4026"
"2015-04-01 00:00:00","r","3328"
"2015-05-01 00:00:00","java","18563"
"2015-05-01 00:00:00","delphi","400"
"2015-05-01 00:00:00","c++","6820"
"2015-05-01 00:00:00","javascript","22173"
"2015-05-01 00:00:00","assembly","369"
"2015-05-01 00:00:00","c#","13370"
"2015-05-01 00:00:00","python","11225"
"2015-05-01 00:00:00","c","3523"
"2015-05-01 00:00:00","r","3429"
"2015-05-01 00:00:00","php","14627"
"2015-05-01 00:00:00","ruby","2505"
"2015-05-01 00:00:00","go","396"
"2015-05-01 00:00:00","perl","530"
"2015-05-01 00:00:00","swift","3811"
"2015-06-01 00:00:00","delphi","388"
"2015-06-01 00:00:00","javascript","22639"
"2015-06-01 00:00:00","perl","579"
"2015-06-01 00:00:00","java","17869"
"2015-06-01 00:00:00","assembly","266"
"2015-06-01 00:00:00","c#","13541"
"2015-06-01 00:00:00","r","3433"
"2015-06-01 00:00:00","c","3170"
"2015-06-01 00:00:00","python","11816"
"2015-06-01 00:00:00","php","14412"
"2015-06-01 00:00:00","go","421"
"2015-06-01 00:00:00","c++","6520"
"2015-06-01 00:00:00","ruby","2577"
"2015-06-01 00:00:00","swift","4334"
"2015-07-01 00:00:00","delphi","385"
"2015-07-01 00:00:00","java","18714"
"2015-07-01 00:00:00","go","468"
"2015-07-01 00:00:00","assembly","260"
"2015-07-01 00:00:00","c#","14136"
"2015-07-01 00:00:00","c++","6704"
"2015-07-01 00:00:00","ruby","2585"
"2015-07-01 00:00:00","c","2816"
"2015-07-01 00:00:00","php","15424"
"2015-07-01 00:00:00","javascript","23998"
"2015-07-01 00:00:00","perl","578"
"2015-07-01 00:00:00","swift","5155"
"2015-07-01 00:00:00","python","12324"
"2015-07-01 00:00:00","r","3983"
"2015-08-01 00:00:00","c#","13234"
"2015-08-01 00:00:00","assembly","219"
"2015-08-01 00:00:00","python","11233"
"2015-08-01 00:00:00","c++","5877"
"2015-08-01 00:00:00","java","17106"
"2015-08-01 00:00:00","go","448"
"2015-08-01 00:00:00","c","2575"
"2015-08-01 00:00:00","delphi","387"
"2015-08-01 00:00:00","javascript","22174"
"2015-08-01 00:00:00","r","3494"
"2015-08-01 00:00:00","ruby","2316"
"2015-08-01 00:00:00","perl","553"
"2015-08-01 00:00:00","swift","5094"
"2015-08-01 00:00:00","php","14283"
"2015-09-01 00:00:00","c","3086"
"2015-09-01 00:00:00","delphi","358"
"2015-09-01 00:00:00","perl","465"
"2015-09-01 00:00:00","javascript","21413"
"2015-09-01 00:00:00","java","16962"
"2015-09-01 00:00:00","go","425"
"2015-09-01 00:00:00","assembly","256"
"2015-09-01 00:00:00","c#","12926"
"2015-09-01 00:00:00","r","3331"
"2015-09-01 00:00:00","python","10976"
"2015-09-01 00:00:00","php","13548"
"2015-09-01 00:00:00","c++","5914"
"2015-09-01 00:00:00","ruby","2163"
"2015-09-01 00:00:00","swift","4562"
"2015-10-01 00:00:00","delphi","421"
"2015-10-01 00:00:00","java","18562"
"2015-10-01 00:00:00","c","3679"
"2015-10-01 00:00:00","c#","12800"
"2015-10-01 00:00:00","assembly","432"
"2015-10-01 00:00:00","c++","7052"
"2015-10-01 00:00:00","go","429"
"2015-10-01 00:00:00","python","12489"
"2015-10-01 00:00:00","perl","499"
"2015-10-01 00:00:00","javascript","21841"
"2015-10-01 00:00:00","r","3682"
"2015-10-01 00:00:00","ruby","2193"
"2015-10-01 00:00:00","php","13952"
"2015-10-01 00:00:00","swift","4314"
"2015-11-01 00:00:00","java","17797"
"2015-11-01 00:00:00","javascript","21294"
"2015-11-01 00:00:00","python","12301"
"2015-11-01 00:00:00","delphi","391"
"2015-11-01 00:00:00","assembly","402"
"2015-11-01 00:00:00","c","3618"
"2015-11-01 00:00:00","c++","7092"
"2015-11-01 00:00:00","c#","12391"
"2015-11-01 00:00:00","perl","464"
"2015-11-01 00:00:00","php","13360"
"2015-11-01 00:00:00","ruby","1958"
"2015-11-01 00:00:00","go","435"
"2015-11-01 00:00:00","r","3541"
"2015-11-01 00:00:00","swift","4327"
"2015-12-01 00:00:00","java","16569"
"2015-12-01 00:00:00","c#","12155"
"2015-12-01 00:00:00","c++","6564"
"2015-12-01 00:00:00","assembly","352"
"2015-12-01 00:00:00","javascript","21099"
"2015-12-01 00:00:00","delphi","314"
"2015-12-01 00:00:00","c","3090"
"2015-12-01 00:00:00","php","13793"
"2015-12-01 00:00:00","perl","478"
"2015-12-01 00:00:00","go","425"
"2015-12-01 00:00:00","r","3180"
"2015-12-01 00:00:00","python","11662"
"2015-12-01 00:00:00","ruby","2029"
"2015-12-01 00:00:00","swift","4383"
"2016-01-01 00:00:00","assembly","248"
"2016-01-01 00:00:00","delphi","318"
"2016-01-01 00:00:00","java","16648"
"2016-01-01 00:00:00","c#","12368"
"2016-01-01 00:00:00","c","3049"
"2016-01-01 00:00:00","go","496"
"2016-01-01 00:00:00","c++","6100"
"2016-01-01 00:00:00","php","14618"
"2016-01-01 00:00:00","perl","446"
"2016-01-01 00:00:00","ruby","2145"
"2016-01-01 00:00:00","javascript","22536"
"2016-01-01 00:00:00","python","12355"
"2016-01-01 00:00:00","swift","4796"
"2016-01-01 00:00:00","r","3537"
"2016-02-01 00:00:00","c#","12744"
"2016-02-01 00:00:00","assembly","350"
"2016-02-01 00:00:00","python","13257"
"2016-02-01 00:00:00","c++","6561"
"2016-02-01 00:00:00","java","17862"
"2016-02-01 00:00:00","go","541"
"2016-02-01 00:00:00","c","3278"
"2016-02-01 00:00:00","delphi","356"
"2016-02-01 00:00:00","javascript","22490"
"2016-02-01 00:00:00","perl","500"
"2016-02-01 00:00:00","ruby","2249"
"2016-02-01 00:00:00","php","14954"
"2016-02-01 00:00:00","swift","4761"
"2016-02-01 00:00:00","r","3597"
"2016-03-01 00:00:00","delphi","340"
"2016-03-01 00:00:00","java","19929"
"2016-03-01 00:00:00","go","595"
"2016-03-01 00:00:00","c#","13621"
"2016-03-01 00:00:00","assembly","435"
"2016-03-01 00:00:00","c","3451"
"2016-03-01 00:00:00","r","4045"
"2016-03-01 00:00:00","python","14065"
"2016-03-01 00:00:00","perl","469"
"2016-03-01 00:00:00","javascript","24107"
"2016-03-01 00:00:00","php","15167"
"2016-03-01 00:00:00","c++","7027"
"2016-03-01 00:00:00","ruby","2262"
"2016-03-01 00:00:00","swift","5085"
"2016-04-01 00:00:00","assembly","412"
"2016-04-01 00:00:00","c#","13727"
"2016-04-01 00:00:00","python","13666"
"2016-04-01 00:00:00","c","3362"
"2016-04-01 00:00:00","java","19502"
"2016-04-01 00:00:00","delphi","324"
"2016-04-01 00:00:00","c++","6899"
"2016-04-01 00:00:00","go","603"
"2016-04-01 00:00:00","perl","493"
"2016-04-01 00:00:00","javascript","23471"
"2016-04-01 00:00:00","ruby","2214"
"2016-04-01 00:00:00","php","14501"
"2016-04-01 00:00:00","r","4129"
"2016-04-01 00:00:00","swift","4769"
"2016-05-01 00:00:00","javascript","23020"
"2016-05-01 00:00:00","c#","13503"
"2016-05-01 00:00:00","c","2723"
"2016-05-01 00:00:00","python","13110"
"2016-05-01 00:00:00","assembly","324"
"2016-05-01 00:00:00","delphi","337"
"2016-05-01 00:00:00","java","17048"
"2016-05-01 00:00:00","ruby","2128"
"2016-05-01 00:00:00","c++","6139"
"2016-05-01 00:00:00","php","14480"
"2016-05-01 00:00:00","r","3801"
"2016-05-01 00:00:00","go","580"
"2016-05-01 00:00:00","perl","486"
"2016-05-01 00:00:00","swift","4439"
"2016-06-01 00:00:00","java","15929"
"2016-06-01 00:00:00","delphi","281"
"2016-06-01 00:00:00","r","3865"
"2016-06-01 00:00:00","php","13662"
"2016-06-01 00:00:00","c","2301"
"2016-06-01 00:00:00","c#","13071"
"2016-06-01 00:00:00","assembly","289"
"2016-06-01 00:00:00","c++","5722"
"2016-06-01 00:00:00","javascript","22159"
"2016-06-01 00:00:00","go","548"
"2016-06-01 00:00:00","perl","440"
"2016-06-01 00:00:00","ruby","2113"
"2016-06-01 00:00:00","python","12913"
"2016-06-01 00:00:00","swift","4806"
"2016-07-01 00:00:00","c++","5474"
"2016-07-01 00:00:00","assembly","201"
"2016-07-01 00:00:00","c#","12008"
"2016-07-01 00:00:00","java","14954"
"2016-07-01 00:00:00","javascript","22218"
"2016-07-01 00:00:00","delphi","243"
"2016-07-01 00:00:00","go","538"
"2016-07-01 00:00:00","c","2350"
"2016-07-01 00:00:00","ruby","1901"
"2016-07-01 00:00:00","php","12950"
"2016-07-01 00:00:00","swift","4946"
"2016-07-01 00:00:00","perl","423"
"2016-07-01 00:00:00","python","12833"
"2016-07-01 00:00:00","r","3745"
"2016-08-01 00:00:00","python","12920"
"2016-08-01 00:00:00","java","15188"
"2016-08-01 00:00:00","assembly","258"
"2016-08-01 00:00:00","javascript","22674"
"2016-08-01 00:00:00","c","2217"
"2016-08-01 00:00:00","c#","12724"
"2016-08-01 00:00:00","perl","461"
"2016-08-01 00:00:00","ruby","1880"
"2016-08-01 00:00:00","delphi","338"
"2016-08-01 00:00:00","c++","5019"
"2016-08-01 00:00:00","php","12904"
"2016-08-01 00:00:00","swift","4912"
"2016-08-01 00:00:00","go","574"
"2016-08-01 00:00:00","r","3786"
"2016-09-01 00:00:00","delphi","288"
"2016-09-01 00:00:00","java","14691"
"2016-09-01 00:00:00","assembly","336"
"2016-09-01 00:00:00","c#","11111"
"2016-09-01 00:00:00","go","512"
"2016-09-01 00:00:00","c","2511"
"2016-09-01 00:00:00","php","12166"
"2016-09-01 00:00:00","python","12341"
"2016-09-01 00:00:00","perl","464"
"2016-09-01 00:00:00","javascript","20466"
"2016-09-01 00:00:00","r","3299"
"2016-09-01 00:00:00","c++","5144"
"2016-09-01 00:00:00","ruby","1924"
"2016-09-01 00:00:00","swift","4878"
"2016-10-01 00:00:00","php","12282"
"2016-10-01 00:00:00","assembly","398"
"2016-10-01 00:00:00","go","533"
"2016-10-01 00:00:00","c#","11457"
"2016-10-01 00:00:00","c++","5977"
"2016-10-01 00:00:00","delphi","268"
"2016-10-01 00:00:00","c","3211"
"2016-10-01 00:00:00","python","13507"
"2016-10-01 00:00:00","javascript","20453"
"2016-10-01 00:00:00","java","15341"
"2016-10-01 00:00:00","ruby","1821"
"2016-10-01 00:00:00","perl","406"
"2016-10-01 00:00:00","swift","4733"
"2016-10-01 00:00:00","r","3788"
"2016-11-01 00:00:00","c","3266"
"2016-11-01 00:00:00","c#","11659"
"2016-11-01 00:00:00","javascript","20524"
"2016-11-01 00:00:00","python","14184"
"2016-11-01 00:00:00","assembly","412"
"2016-11-01 00:00:00","delphi","274"
"2016-11-01 00:00:00","java","15661"
"2016-11-01 00:00:00","ruby","1757"
"2016-11-01 00:00:00","c++","6089"
"2016-11-01 00:00:00","php","11961"
"2016-11-01 00:00:00","r","3561"
"2016-11-01 00:00:00","go","476"
"2016-11-01 00:00:00","perl","376"
"2016-11-01 00:00:00","swift","4368"
"2016-12-01 00:00:00","assembly","313"
"2016-12-01 00:00:00","java","13858"
"2016-12-01 00:00:00","r","3152"
"2016-12-01 00:00:00","delphi","252"
"2016-12-01 00:00:00","perl","338"
"2016-12-01 00:00:00","javascript","19813"
"2016-12-01 00:00:00","c","2799"
"2016-12-01 00:00:00","c#","10690"
"2016-12-01 00:00:00","php","11484"
"2016-12-01 00:00:00","go","497"
"2016-12-01 00:00:00","ruby","1628"
"2016-12-01 00:00:00","python","13059"
"2016-12-01 00:00:00","c++","5232"
"2016-12-01 00:00:00","swift","3940"
"2017-01-01 00:00:00","assembly","305"
"2017-01-01 00:00:00","c++","5651"
"2017-01-01 00:00:00","java","14578"
"2017-01-01 00:00:00","c#","11697"
"2017-01-01 00:00:00","delphi","285"
"2017-01-01 00:00:00","javascript","21417"
"2017-01-01 00:00:00","c","2760"
"2017-01-01 00:00:00","go","561"
"2017-01-01 00:00:00","php","12639"
"2017-01-01 00:00:00","ruby","1823"
"2017-01-01 00:00:00","perl","326"
"2017-01-01 00:00:00","swift","4345"
"2017-01-01 00:00:00","python","14281"
"2017-01-01 00:00:00","r","3493"
"2017-02-01 00:00:00","python","14784"
"2017-02-01 00:00:00","java","14579"
"2017-02-01 00:00:00","assembly","301"
"2017-02-01 00:00:00","javascript","21191"
"2017-02-01 00:00:00","c","2728"
"2017-02-01 00:00:00","c#","11498"
"2017-02-01 00:00:00","perl","403"
"2017-02-01 00:00:00","ruby","1627"
"2017-02-01 00:00:00","delphi","304"
"2017-02-01 00:00:00","c++","5171"
"2017-02-01 00:00:00","php","12516"
"2017-02-01 00:00:00","swift","4068"
"2017-02-01 00:00:00","go","554"
"2017-02-01 00:00:00","r","3679"
"2017-03-01 00:00:00","delphi","304"
"2017-03-01 00:00:00","assembly","374"
"2017-03-01 00:00:00","c++","6228"
"2017-03-01 00:00:00","c","2971"
"2017-03-01 00:00:00","c#","12993"
"2017-03-01 00:00:00","java","17319"
"2017-03-01 00:00:00","python","17135"
"2017-03-01 00:00:00","perl","413"
"2017-03-01 00:00:00","javascript","23719"
"2017-03-01 00:00:00","r","4604"
"2017-03-01 00:00:00","ruby","1791"
"2017-03-01 00:00:00","go","653"
"2017-03-01 00:00:00","swift","4622"
"2017-03-01 00:00:00","php","14082"
"2017-04-01 00:00:00","c#","11096"
"2017-04-01 00:00:00","c","2858"
"2017-04-01 00:00:00","c++","5885"
"2017-04-01 00:00:00","python","15647"
"2017-04-01 00:00:00","javascript","21248"
"2017-04-01 00:00:00","go","507"
"2017-04-01 00:00:00","php","12430"
"2017-04-01 00:00:00","assembly","316"
"2017-04-01 00:00:00","ruby","1488"
"2017-04-01 00:00:00","java","15942"
"2017-04-01 00:00:00","swift","3922"
"2017-04-01 00:00:00","delphi","264"
"2017-04-01 00:00:00","r","4264"
"2017-04-01 00:00:00","perl","371"
"2017-05-01 00:00:00","delphi","320"
"2017-05-01 00:00:00","java","16346"
"2017-05-01 00:00:00","r","4318"
"2017-05-01 00:00:00","php","13053"
"2017-05-01 00:00:00","assembly","349"
"2017-05-01 00:00:00","c","2744"
"2017-05-01 00:00:00","perl","355"
"2017-05-01 00:00:00","c#","11987"
"2017-05-01 00:00:00","python","16184"
"2017-05-01 00:00:00","javascript","22396"
"2017-05-01 00:00:00","c++","5305"
"2017-05-01 00:00:00","go","585"
"2017-05-01 00:00:00","ruby","1519"
"2017-05-01 00:00:00","swift","4102"
"2017-06-01 00:00:00","javascript","21596"
"2017-06-01 00:00:00","perl","315"
"2017-06-01 00:00:00","c","2353"
"2017-06-01 00:00:00","go","574"
"2017-06-01 00:00:00","c#","11307"
"2017-06-01 00:00:00","assembly","240"
"2017-06-01 00:00:00","c++","4690"
"2017-06-01 00:00:00","python","16031"
"2017-06-01 00:00:00","java","14627"
"2017-06-01 00:00:00","r","4450"
"2017-06-01 00:00:00","ruby","1417"
"2017-06-01 00:00:00","delphi","246"
"2017-06-01 00:00:00","swift","4205"
"2017-06-01 00:00:00","php","11768"
"2017-07-01 00:00:00","c#","11209"
"2017-07-01 00:00:00","javascript","21616"
"2017-07-01 00:00:00","python","16918"
"2017-07-01 00:00:00","c","2051"
"2017-07-01 00:00:00","java","14153"
"2017-07-01 00:00:00","php","11792"
"2017-07-01 00:00:00","c++","5025"
"2017-07-01 00:00:00","assembly","221"
"2017-07-01 00:00:00","swift","4355"
"2017-07-01 00:00:00","ruby","1522"
"2017-07-01 00:00:00","delphi","207"
"2017-07-01 00:00:00","perl","332"
"2017-07-01 00:00:00","go","657"
"2017-07-01 00:00:00","r","4586"
"2017-08-01 00:00:00","java","13757"
"2017-08-01 00:00:00","delphi","290"
"2017-08-01 00:00:00","assembly","215"
"2017-08-01 00:00:00","c#","10955"
"2017-08-01 00:00:00","c","2047"
"2017-08-01 00:00:00","python","16463"
"2017-08-01 00:00:00","go","608"
"2017-08-01 00:00:00","c++","4792"
"2017-08-01 00:00:00","javascript","21360"
"2017-08-01 00:00:00","ruby","1394"
"2017-08-01 00:00:00","perl","356"
"2017-08-01 00:00:00","swift","4189"
"2017-08-01 00:00:00","r","4572"
"2017-08-01 00:00:00","php","11662"
"2017-09-01 00:00:00","assembly","229"
"2017-09-01 00:00:00","c#","9875"
"2017-09-01 00:00:00","c","2101"
"2017-09-01 00:00:00","python","15455"
"2017-09-01 00:00:00","java","12761"
"2017-09-01 00:00:00","delphi","262"
"2017-09-01 00:00:00","go","544"
"2017-09-01 00:00:00","c++","4474"
"2017-09-01 00:00:00","perl","297"
"2017-09-01 00:00:00","javascript","19000"
"2017-09-01 00:00:00","r","4224"
"2017-09-01 00:00:00","ruby","1222"
"2017-09-01 00:00:00","php","10702"
"2017-09-01 00:00:00","swift","3780"
"2017-10-01 00:00:00","javascript","19875"
"2017-10-01 00:00:00","c","2785"
"2017-10-01 00:00:00","c#","10235"
"2017-10-01 00:00:00","php","10838"
"2017-10-01 00:00:00","delphi","221"
"2017-10-01 00:00:00","assembly","333"
"2017-10-01 00:00:00","go","618"
"2017-10-01 00:00:00","python","16946"
"2017-10-01 00:00:00","java","14024"
"2017-10-01 00:00:00","ruby","1299"
"2017-10-01 00:00:00","c++","5222"
"2017-10-01 00:00:00","r","4544"
"2017-10-01 00:00:00","perl","333"
"2017-10-01 00:00:00","swift","3906"
"2017-11-01 00:00:00","delphi","200"
"2017-11-01 00:00:00","java","14192"
"2017-11-01 00:00:00","r","4512"
"2017-11-01 00:00:00","php","10608"
"2017-11-01 00:00:00","assembly","383"
"2017-11-01 00:00:00","c","2956"
"2017-11-01 00:00:00","perl","265"
"2017-11-01 00:00:00","c#","9800"
"2017-11-01 00:00:00","python","16996"
"2017-11-01 00:00:00","javascript","19417"
"2017-11-01 00:00:00","c++","5039"
"2017-11-01 00:00:00","go","653"
"2017-11-01 00:00:00","ruby","1177"
"2017-11-01 00:00:00","swift","3677"
"2017-12-01 00:00:00","assembly","247"
"2017-12-01 00:00:00","c++","4462"
"2017-12-01 00:00:00","c#","8614"
"2017-12-01 00:00:00","java","11987"
"2017-12-01 00:00:00","delphi","187"
"2017-12-01 00:00:00","javascript","16979"
"2017-12-01 00:00:00","go","529"
"2017-12-01 00:00:00","c","2199"
"2017-12-01 00:00:00","php","9146"
"2017-12-01 00:00:00","ruby","1021"
"2017-12-01 00:00:00","perl","237"
"2017-12-01 00:00:00","swift","3206"
"2017-12-01 00:00:00","python","14946"
"2017-12-01 00:00:00","r","3719"
"2018-01-01 00:00:00","python","16246"
"2018-01-01 00:00:00","assembly","253"
"2018-01-01 00:00:00","java","12357"
"2018-01-01 00:00:00","javascript","18913"
"2018-01-01 00:00:00","c#","9386"
"2018-01-01 00:00:00","c","2219"
"2018-01-01 00:00:00","c++","4760"
"2018-01-01 00:00:00","ruby","1163"
"2018-01-01 00:00:00","swift","3757"
"2018-01-01 00:00:00","perl","245"
"2018-01-01 00:00:00","delphi","195"
"2018-01-01 00:00:00","php","10129"
"2018-01-01 00:00:00","go","544"
"2018-01-01 00:00:00","r","4199"
"2018-02-01 00:00:00","java","12041"
"2018-02-01 00:00:00","delphi","214"
"2018-02-01 00:00:00","assembly","283"
"2018-02-01 00:00:00","c#","8586"
"2018-02-01 00:00:00","c","2147"
"2018-02-01 00:00:00","python","16328"
"2018-02-01 00:00:00","go","582"
"2018-02-01 00:00:00","c++","4567"
"2018-02-01 00:00:00","javascript","17225"
"2018-02-01 00:00:00","ruby","1031"
"2018-02-01 00:00:00","perl","231"
"2018-02-01 00:00:00","swift","3416"
"2018-02-01 00:00:00","r","4507"
"2018-02-01 00:00:00","php","9135"
"2018-03-01 00:00:00","assembly","317"
"2018-03-01 00:00:00","javascript","19164"
"2018-03-01 00:00:00","c#","9796"
"2018-03-01 00:00:00","c","2470"
"2018-03-01 00:00:00","python","17905"
"2018-03-01 00:00:00","c++","5186"
"2018-03-01 00:00:00","delphi","218"
"2018-03-01 00:00:00","go","610"
"2018-03-01 00:00:00","perl","288"
"2018-03-01 00:00:00","ruby","1062"
"2018-03-01 00:00:00","java","13575"
"2018-03-01 00:00:00","php","9839"
"2018-03-01 00:00:00","r","5106"
"2018-03-01 00:00:00","swift","4064"
"2018-04-01 00:00:00","java","13497"
"2018-04-01 00:00:00","assembly","321"
"2018-04-01 00:00:00","c","2191"
"2018-04-01 00:00:00","c#","9250"
"2018-04-01 00:00:00","javascript","17969"
"2018-04-01 00:00:00","php","8941"
"2018-04-01 00:00:00","c++","4663"
"2018-04-01 00:00:00","delphi","204"
"2018-04-01 00:00:00","perl","253"
"2018-04-01 00:00:00","python","16983"
"2018-04-01 00:00:00","r","4736"
"2018-04-01 00:00:00","go","620"
"2018-04-01 00:00:00","ruby","988"
"2018-04-01 00:00:00","swift","3579"
"2018-05-01 00:00:00","assembly","296"
"2018-05-01 00:00:00","c#","9934"
"2018-05-01 00:00:00","c++","4689"
"2018-05-01 00:00:00","python","17577"
"2018-05-01 00:00:00","go","635"
"2018-05-01 00:00:00","javascript","18075"
"2018-05-01 00:00:00","c","2371"
"2018-05-01 00:00:00","java","13481"
"2018-05-01 00:00:00","delphi","193"
"2018-05-01 00:00:00","ruby","1034"
"2018-05-01 00:00:00","perl","242"
"2018-05-01 00:00:00","swift","3628"
"2018-05-01 00:00:00","php","9482"
"2018-05-01 00:00:00","r","4734"
"2018-06-01 00:00:00","c","1838"
"2018-06-01 00:00:00","c#","8790"
"2018-06-01 00:00:00","assembly","206"
"2018-06-01 00:00:00","c++","4103"
"2018-06-01 00:00:00","java","11802"
"2018-06-01 00:00:00","delphi","186"
"2018-06-01 00:00:00","perl","239"
"2018-06-01 00:00:00","javascript","17195"
"2018-06-01 00:00:00","r","4488"
"2018-06-01 00:00:00","go","676"
"2018-06-01 00:00:00","php","8443"
"2018-06-01 00:00:00","python","16810"
"2018-06-01 00:00:00","ruby","992"
"2018-06-01 00:00:00","swift","3155"
"2018-07-01 00:00:00","delphi","206"
"2018-07-01 00:00:00","java","11771"
"2018-07-01 00:00:00","assembly","182"
"2018-07-01 00:00:00","c#","9414"
"2018-07-01 00:00:00","go","693"
"2018-07-01 00:00:00","c","1601"
"2018-07-01 00:00:00","perl","245"
"2018-07-01 00:00:00","python","17931"
"2018-07-01 00:00:00","r","4407"
"2018-07-01 00:00:00","javascript","17808"
"2018-07-01 00:00:00","php","8565"
"2018-07-01 00:00:00","c++","3918"
"2018-07-01 00:00:00","ruby","941"
"2018-07-01 00:00:00","swift","3677"
"2018-08-01 00:00:00","assembly","181"
"2018-08-01 00:00:00","c#","9527"
"2018-08-01 00:00:00","python","17817"
"2018-08-01 00:00:00","c","1691"
"2018-08-01 00:00:00","java","11370"
"2018-08-01 00:00:00","delphi","205"
"2018-08-01 00:00:00","c++","3930"
"2018-08-01 00:00:00","go","710"
"2018-08-01 00:00:00","perl","227"
"2018-08-01 00:00:00","javascript","17921"
"2018-08-01 00:00:00","ruby","880"
"2018-08-01 00:00:00","php","8535"
"2018-08-01 00:00:00","r","4129"
"2018-08-01 00:00:00","swift","3595"
"2018-09-01 00:00:00","c#","8407"
"2018-09-01 00:00:00","c++","3770"
"2018-09-01 00:00:00","python","16080"
"2018-09-01 00:00:00","c","1857"
"2018-09-01 00:00:00","assembly","261"
"2018-09-01 00:00:00","javascript","16082"
"2018-09-01 00:00:00","delphi","182"
"2018-09-01 00:00:00","go","678"
"2018-09-01 00:00:00","perl","207"
"2018-09-01 00:00:00","php","7734"
"2018-09-01 00:00:00","java","10823"
"2018-09-01 00:00:00","ruby","780"
"2018-09-01 00:00:00","r","3793"
"2018-09-01 00:00:00","swift","3153"
"2018-10-01 00:00:00","delphi","224"
"2018-10-01 00:00:00","java","12525"
"2018-10-01 00:00:00","php","8179"
"2018-10-01 00:00:00","r","4368"
"2018-10-01 00:00:00","c#","9341"
"2018-10-01 00:00:00","c","2455"
"2018-10-01 00:00:00","c++","4315"
"2018-10-01 00:00:00","assembly","322"
"2018-10-01 00:00:00","go","794"
"2018-10-01 00:00:00","javascript","17439"
"2018-10-01 00:00:00","ruby","900"
"2018-10-01 00:00:00","perl","280"
"2018-10-01 00:00:00","swift","3281"
"2018-10-01 00:00:00","python","18166"
"2018-11-01 00:00:00","javascript","16181"
"2018-11-01 00:00:00","go","719"
"2018-11-01 00:00:00","python","18012"
"2018-11-01 00:00:00","c","2525"
"2018-11-01 00:00:00","c#","8481"
"2018-11-01 00:00:00","assembly","301"
"2018-11-01 00:00:00","java","11707"
"2018-11-01 00:00:00","c++","4348"
"2018-11-01 00:00:00","perl","238"
"2018-11-01 00:00:00","ruby","833"
"2018-11-01 00:00:00","delphi","179"
"2018-11-01 00:00:00","swift","2988"
"2018-11-01 00:00:00","r","4238"
"2018-11-01 00:00:00","php","7094"
"2018-12-01 00:00:00","javascript","14281"
"2018-12-01 00:00:00","java","10441"
"2018-12-01 00:00:00","c#","7559"
"2018-12-01 00:00:00","c","2196"
"2018-12-01 00:00:00","php","6216"
"2018-12-01 00:00:00","python","15733"
"2018-12-01 00:00:00","c++","3558"
"2018-12-01 00:00:00","assembly","220"
"2018-12-01 00:00:00","ruby","809"
"2018-12-01 00:00:00","delphi","175"
"2018-12-01 00:00:00","swift","2788"
"2018-12-01 00:00:00","perl","221"
"2018-12-01 00:00:00","go","657"
"2018-12-01 00:00:00","r","3401"
"2019-01-01 00:00:00","delphi","215"
"2019-01-01 00:00:00","java","11031"
"2019-01-01 00:00:00","assembly","218"
"2019-01-01 00:00:00","c#","8761"
"2019-01-01 00:00:00","go","663"
"2019-01-01 00:00:00","c","2288"
"2019-01-01 00:00:00","perl","266"
"2019-01-01 00:00:00","python","16942"
"2019-01-01 00:00:00","r","3949"
"2019-01-01 00:00:00","javascript","16018"
"2019-01-01 00:00:00","php","7188"
"2019-01-01 00:00:00","c++","3906"
"2019-01-01 00:00:00","ruby","917"
"2019-01-01 00:00:00","swift","2911"
"2019-02-01 00:00:00","assembly","225"
"2019-02-01 00:00:00","c#","8358"
"2019-02-01 00:00:00","python","17526"
"2019-02-01 00:00:00","c","2057"
"2019-02-01 00:00:00","java","11003"
"2019-02-01 00:00:00","delphi","189"
"2019-02-01 00:00:00","c++","3735"
"2019-02-01 00:00:00","go","630"
"2019-02-01 00:00:00","perl","252"
"2019-02-01 00:00:00","javascript","15701"
"2019-02-01 00:00:00","ruby","786"
"2019-02-01 00:00:00","php","7296"
"2019-02-01 00:00:00","r","4255"
"2019-02-01 00:00:00","swift","2692"
"2019-03-01 00:00:00","java","12051"
"2019-03-01 00:00:00","c++","4424"
"2019-03-01 00:00:00","delphi","187"
"2019-03-01 00:00:00","assembly","274"
"2019-03-01 00:00:00","javascript","17327"
"2019-03-01 00:00:00","c","2385"
"2019-03-01 00:00:00","c#","8963"
"2019-03-01 00:00:00","php","7797"
"2019-03-01 00:00:00","go","725"
"2019-03-01 00:00:00","perl","232"
"2019-03-01 00:00:00","python","19900"
"2019-03-01 00:00:00","r","4494"
"2019-03-01 00:00:00","ruby","844"
"2019-03-01 00:00:00","swift","2958"
"2019-04-01 00:00:00","delphi","204"
"2019-04-01 00:00:00","javascript","16183"
"2019-04-01 00:00:00","assembly","305"
"2019-04-01 00:00:00","c#","9131"
"2019-04-01 00:00:00","php","7175"
"2019-04-01 00:00:00","c++","4376"
"2019-04-01 00:00:00","c","2431"
"2019-04-01 00:00:00","go","655"
"2019-04-01 00:00:00","java","11172"
"2019-04-01 00:00:00","swift","3088"
"2019-04-01 00:00:00","python","19826"
"2019-04-01 00:00:00","ruby","768"
"2019-04-01 00:00:00","perl","207"
"2019-04-01 00:00:00","r","4598"
"2019-05-01 00:00:00","c#","9030"
"2019-05-01 00:00:00","assembly","237"
"2019-05-01 00:00:00","c","2096"
"2019-05-01 00:00:00","delphi","170"
"2019-05-01 00:00:00","javascript","16151"
"2019-05-01 00:00:00","perl","222"
"2019-05-01 00:00:00","java","11111"
"2019-05-01 00:00:00","go","674"
"2019-05-01 00:00:00","c++","4126"
"2019-05-01 00:00:00","php","6958"
"2019-05-01 00:00:00","r","4294"
"2019-05-01 00:00:00","python","18911"
"2019-05-01 00:00:00","swift","3115"
"2019-05-01 00:00:00","ruby","759"
"2019-06-01 00:00:00","java","9653"
"2019-06-01 00:00:00","javascript","14821"
"2019-06-01 00:00:00","c#","7609"
"2019-06-01 00:00:00","go","528"
"2019-06-01 00:00:00","assembly","199"
"2019-06-01 00:00:00","php","6018"
"2019-06-01 00:00:00","c++","3646"
"2019-06-01 00:00:00","c","1727"
"2019-06-01 00:00:00","python","17243"
"2019-06-01 00:00:00","perl","236"
"2019-06-01 00:00:00","ruby","704"
"2019-06-01 00:00:00","delphi","134"
"2019-06-01 00:00:00","swift","3097"
"2019-06-01 00:00:00","r","3953"
"2019-07-01 00:00:00","delphi","164"
"2019-07-01 00:00:00","assembly","187"
"2019-07-01 00:00:00","c++","4265"
"2019-07-01 00:00:00","c","1758"
"2019-07-01 00:00:00","c#","8448"
"2019-07-01 00:00:00","java","10844"
"2019-07-01 00:00:00","python","19770"
"2019-07-01 00:00:00","perl","237"
"2019-07-01 00:00:00","javascript","16163"
"2019-07-01 00:00:00","r","4205"
"2019-07-01 00:00:00","ruby","758"
"2019-07-01 00:00:00","go","634"
"2019-07-01 00:00:00","swift","3047"
"2019-07-01 00:00:00","php","6676"
"2019-08-01 00:00:00","c#","7718"
"2019-08-01 00:00:00","c","1555"
"2019-08-01 00:00:00","c++","3294"
"2019-08-01 00:00:00","python","18049"
"2019-08-01 00:00:00","delphi","174"
"2019-08-01 00:00:00","go","634"
"2019-08-01 00:00:00","javascript","15234"
"2019-08-01 00:00:00","assembly","167"
"2019-08-01 00:00:00","php","5817"
"2019-08-01 00:00:00","java","9101"
"2019-08-01 00:00:00","ruby","779"
"2019-08-01 00:00:00","perl","194"
"2019-08-01 00:00:00","swift","2554"
"2019-08-01 00:00:00","r","3954"
"2019-09-01 00:00:00","java","9684"
"2019-09-01 00:00:00","c","2007"
"2019-09-01 00:00:00","c#","7845"
"2019-09-01 00:00:00","assembly","220"
"2019-09-01 00:00:00","javascript","14889"
"2019-09-01 00:00:00","c++","3779"
"2019-09-01 00:00:00","delphi","145"
"2019-09-01 00:00:00","php","5575"
"2019-09-01 00:00:00","go","621"
"2019-09-01 00:00:00","perl","199"
"2019-09-01 00:00:00","python","16889"
"2019-09-01 00:00:00","r","3944"
"2019-09-01 00:00:00","ruby","720"
"2019-09-01 00:00:00","swift","2560"
"2019-10-01 00:00:00","c#","8416"
"2019-10-01 00:00:00","assembly","316"
"2019-10-01 00:00:00","c++","4839"
"2019-10-01 00:00:00","python","20463"
"2019-10-01 00:00:00","javascript","15997"
"2019-10-01 00:00:00","go","640"
"2019-10-01 00:00:00","c","2482"
"2019-10-01 00:00:00","delphi","153"
"2019-10-01 00:00:00","java","11228"
"2019-10-01 00:00:00","perl","209"
"2019-10-01 00:00:00","ruby","850"
"2019-10-01 00:00:00","php","6088"
"2019-10-01 00:00:00","swift","3107"
"2019-10-01 00:00:00","r","4386"
"2019-11-01 00:00:00","assembly","282"
"2019-11-01 00:00:00","c","2516"
"2019-11-01 00:00:00","c#","8030"
"2019-11-01 00:00:00","c++","4733"
"2019-11-01 00:00:00","perl","223"
"2019-11-01 00:00:00","java","10336"
"2019-11-01 00:00:00","delphi","172"
"2019-11-01 00:00:00","javascript","15757"
"2019-11-01 00:00:00","php","6095"
"2019-11-01 00:00:00","r","4293"
"2019-11-01 00:00:00","go","607"
"2019-11-01 00:00:00","python","20623"
"2019-11-01 00:00:00","ruby","684"
"2019-11-01 00:00:00","swift","2893"
"2019-12-01 00:00:00","assembly","246"
"2019-12-01 00:00:00","delphi","128"
"2019-12-01 00:00:00","java","9051"
"2019-12-01 00:00:00","c#","7218"
"2019-12-01 00:00:00","go","620"
"2019-12-01 00:00:00","python","18132"
"2019-12-01 00:00:00","c","2152"
"2019-12-01 00:00:00","c++","4209"
"2019-12-01 00:00:00","perl","158"
"2019-12-01 00:00:00","ruby","668"
"2019-12-01 00:00:00","javascript","14320"
"2019-12-01 00:00:00","swift","2676"
"2019-12-01 00:00:00","r","3745"
"2019-12-01 00:00:00","php","5245"
"2020-01-01 00:00:00","assembly","228"
"2020-01-01 00:00:00","c#","7820"
"2020-01-01 00:00:00","c","2053"
"2020-01-01 00:00:00","python","20011"
"2020-01-01 00:00:00","java","9987"
"2020-01-01 00:00:00","delphi","166"
"2020-01-01 00:00:00","perl","165"
"2020-01-01 00:00:00","c++","4242"
"2020-01-01 00:00:00","r","4153"
"2020-01-01 00:00:00","go","652"
"2020-01-01 00:00:00","ruby","764"
"2020-01-01 00:00:00","javascript","16045"
"2020-01-01 00:00:00","swift","2906"
"2020-01-01 00:00:00","php","5916"
"2020-02-01 00:00:00","c#","7726"
"2020-02-01 00:00:00","c","1991"
"2020-02-01 00:00:00","c++","4102"
"2020-02-01 00:00:00","python","20076"
"2020-02-01 00:00:00","delphi","156"
"2020-02-01 00:00:00","go","665"
"2020-02-01 00:00:00","javascript","15772"
"2020-02-01 00:00:00","assembly","271"
"2020-02-01 00:00:00","php","5700"
"2020-02-01 00:00:00","java","10073"
"2020-02-01 00:00:00","ruby","654"
"2020-02-01 00:00:00","perl","180"
"2020-02-01 00:00:00","swift","2766"
"2020-02-01 00:00:00","r","4692"
"2020-03-01 00:00:00","java","11089"
"2020-03-01 00:00:00","go","658"
"2020-03-01 00:00:00","c","2493"
"2020-03-01 00:00:00","delphi","168"
"2020-03-01 00:00:00","c#","7799"
"2020-03-01 00:00:00","python","22756"
"2020-03-01 00:00:00","c++","4655"
"2020-03-01 00:00:00","assembly","296"
"2020-03-01 00:00:00","javascript","17598"
"2020-03-01 00:00:00","perl","199"
"2020-03-01 00:00:00","r","5126"
"2020-03-01 00:00:00","php","5699"
"2020-03-01 00:00:00","swift","2925"
"2020-03-01 00:00:00","ruby","712"
"2020-04-01 00:00:00","java","12664"
"2020-04-01 00:00:00","assembly","378"
"2020-04-01 00:00:00","c++","6235"
"2020-04-01 00:00:00","c#","8605"
"2020-04-01 00:00:00","c","3254"
"2020-04-01 00:00:00","delphi","232"
"2020-04-01 00:00:00","javascript","20948"
"2020-04-01 00:00:00","go","802"
"2020-04-01 00:00:00","perl","220"
"2020-04-01 00:00:00","php","6676"
"2020-04-01 00:00:00","ruby","769"
"2020-04-01 00:00:00","python","27688"
"2020-04-01 00:00:00","swift","3465"
"2020-04-01 00:00:00","r","6176"
"2020-05-01 00:00:00","java","12077"
"2020-05-01 00:00:00","c#","8620"
"2020-05-01 00:00:00","assembly","355"
"2020-05-01 00:00:00","delphi","201"
"2020-05-01 00:00:00","c","3382"
"2020-05-01 00:00:00","javascript","21528"
"2020-05-01 00:00:00","go","763"
"2020-05-01 00:00:00","c++","6435"
"2020-05-01 00:00:00","php","6571"
"2020-05-01 00:00:00","python","29530"
"2020-05-01 00:00:00","perl","215"
"2020-05-01 00:00:00","ruby","697"
"2020-05-01 00:00:00","r","6020"
"2020-05-01 00:00:00","swift","3534"
"2020-06-01 00:00:00","delphi","202"
"2020-06-01 00:00:00","java","10854"
"2020-06-01 00:00:00","c++","5639"
"2020-06-01 00:00:00","c","2601"
"2020-06-01 00:00:00","php","5967"
"2020-06-01 00:00:00","assembly","329"
"2020-06-01 00:00:00","c#","7920"
"2020-06-01 00:00:00","go","711"
"2020-06-01 00:00:00","javascript","19885"
"2020-06-01 00:00:00","perl","199"
"2020-06-01 00:00:00","python","27177"
"2020-06-01 00:00:00","r","5446"
"2020-06-01 00:00:00","ruby","615"
"2020-06-01 00:00:00","swift","3179"
"2020-07-01 00:00:00","delphi","194"
"2020-07-01 00:00:00","java","10488"
"2020-07-01 00:00:00","javascript","19938"
"2020-07-01 00:00:00","c++","5181"
"2020-07-01 00:00:00","c#","7832"
"2020-07-01 00:00:00","assembly","273"
"2020-07-01 00:00:00","c","2106"
"2020-07-01 00:00:00","python","26333"
"2020-07-01 00:00:00","php","5982"
"2020-07-01 00:00:00","r","4941"
"2020-07-01 00:00:00","go","648"
"2020-07-01 00:00:00","ruby","698"
"2020-07-01 00:00:00","perl","176"
"2020-07-01 00:00:00","swift","3001"
"2020-08-01 00:00:00","delphi","182"
"2020-08-01 00:00:00","javascript","18099"
"2020-08-01 00:00:00","perl","192"
"2020-08-01 00:00:00","java","9366"
"2020-08-01 00:00:00","assembly","265"
"2020-08-01 00:00:00","c#","7100"
"2020-08-01 00:00:00","r","4507"
"2020-08-01 00:00:00","c","1898"
"2020-08-01 00:00:00","python","23140"
"2020-08-01 00:00:00","php","5013"
"2020-08-01 00:00:00","c++","4794"
"2020-08-01 00:00:00","go","715"
"2020-08-01 00:00:00","ruby","554"
"2020-08-01 00:00:00","swift","2700"
"2020-09-01 00:00:00","java","8984"
"2020-09-01 00:00:00","delphi","172"
"2020-09-01 00:00:00","c","2174"
"2020-09-01 00:00:00","c#","6485"
"2020-09-01 00:00:00","javascript","16827"
"2020-09-01 00:00:00","assembly","297"
"2020-09-01 00:00:00","c++","3944"
"2020-09-01 00:00:00","go","733"
"2020-09-01 00:00:00","r","4770"
"2020-09-01 00:00:00","perl","166"
"2020-09-01 00:00:00","ruby","516"
"2020-09-01 00:00:00","python","21846"
"2020-09-01 00:00:00","swift","2579"
"2020-09-01 00:00:00","php","4803"
"2020-10-01 00:00:00","c#","6214"
"2020-10-01 00:00:00","c++","4342"
"2020-10-01 00:00:00","python","22877"
"2020-10-01 00:00:00","assembly","345"
"2020-10-01 00:00:00","java","8985"
"2020-10-01 00:00:00","c","2390"
"2020-10-01 00:00:00","go","596"
"2020-10-01 00:00:00","javascript","16507"
"2020-10-01 00:00:00","delphi","181"
"2020-10-01 00:00:00","ruby","497"
"2020-10-01 00:00:00","r","5077"
"2020-10-01 00:00:00","swift","2360"
"2020-10-01 00:00:00","perl","172"
"2020-10-01 00:00:00","php","4617"
"2020-11-01 00:00:00","c","2717"
"2020-11-01 00:00:00","delphi","194"
"2020-11-01 00:00:00","go","540"
"2020-11-01 00:00:00","javascript","15586"
"2020-11-01 00:00:00","java","8540"
"2020-11-01 00:00:00","c#","5999"
"2020-11-01 00:00:00","assembly","378"
"2020-11-01 00:00:00","python","22290"
"2020-11-01 00:00:00","perl","150"
"2020-11-01 00:00:00","c++","4349"
"2020-11-01 00:00:00","php","4662"
"2020-11-01 00:00:00","ruby","505"
"2020-11-01 00:00:00","r","4819"
"2020-11-01 00:00:00","swift","2182"
"2020-12-01 00:00:00","delphi","198"
"2020-12-01 00:00:00","javascript","16180"
"2020-12-01 00:00:00","assembly","299"
"2020-12-01 00:00:00","c#","5794"
"2020-12-01 00:00:00","c","2660"
"2020-12-01 00:00:00","c++","4479"
"2020-12-01 00:00:00","java","7930"
"2020-12-01 00:00:00","python","22459"
"2020-12-01 00:00:00","go","541"
"2020-12-01 00:00:00","php","4861"
"2020-12-01 00:00:00","perl","131"
"2020-12-01 00:00:00","ruby","503"
"2020-12-01 00:00:00","r","4378"
"2020-12-01 00:00:00","swift","2143"
"2021-01-01 00:00:00","java","9529"
"2021-01-01 00:00:00","javascript","19481"
"2021-01-01 00:00:00","c++","4501"
"2021-01-01 00:00:00","delphi","210"
"2021-01-01 00:00:00","assembly","328"
"2021-01-01 00:00:00","c","2728"
"2021-01-01 00:00:00","python","26293"
"2021-01-01 00:00:00","c#","6926"
"2021-01-01 00:00:00","r","5031"
"2021-01-01 00:00:00","php","5619"
"2021-01-01 00:00:00","ruby","587"
"2021-01-01 00:00:00","go","604"
"2021-01-01 00:00:00","perl","146"
"2021-01-01 00:00:00","swift","2757"
"2021-02-01 00:00:00","delphi","201"
"2021-02-01 00:00:00","javascript","17909"
"2021-02-01 00:00:00","perl","133"
"2021-02-01 00:00:00","java","9124"
"2021-02-01 00:00:00","assembly","256"
"2021-02-01 00:00:00","c#","6584"
"2021-02-01 00:00:00","r","5032"
"2021-02-01 00:00:00","c","2349"
"2021-02-01 00:00:00","python","24926"
"2021-02-01 00:00:00","php","5229"
"2021-02-01 00:00:00","c++","4449"
"2021-02-01 00:00:00","go","626"
"2021-02-01 00:00:00","ruby","602"
"2021-02-01 00:00:00","swift","2721"
"2021-03-01 00:00:00","assembly","339"
"2021-03-01 00:00:00","c++","4713"
"2021-03-01 00:00:00","c","2644"
"2021-03-01 00:00:00","c#","7302"
"2021-03-01 00:00:00","delphi","271"
"2021-03-01 00:00:00","javascript","19772"
"2021-03-01 00:00:00","java","10386"
"2021-03-01 00:00:00","go","822"
"2021-03-01 00:00:00","php","5554"
"2021-03-01 00:00:00","ruby","568"
"2021-03-01 00:00:00","python","28100"
"2021-03-01 00:00:00","swift","2905"
"2021-03-01 00:00:00","perl","154"
"2021-03-01 00:00:00","r","6076"
"2021-04-01 00:00:00","java","9481"
"2021-04-01 00:00:00","c#","6735"
"2021-04-01 00:00:00","perl","142"
"2021-04-01 00:00:00","javascript","18596"
"2021-04-01 00:00:00","assembly","342"
"2021-04-01 00:00:00","c++","4314"
"2021-04-01 00:00:00","c","2446"
"2021-04-01 00:00:00","php","5086"
"2021-04-01 00:00:00","python","26448"
"2021-04-01 00:00:00","swift","2512"
"2021-04-01 00:00:00","r","5606"
"2021-04-01 00:00:00","ruby","604"
"2021-04-01 00:00:00","delphi","186"
"2021-04-01 00:00:00","go","681"
"2021-05-01 00:00:00","c++","4580"
"2021-05-01 00:00:00","delphi","179"
"2021-05-01 00:00:00","java","9674"
"2021-05-01 00:00:00","c","2245"
"2021-05-01 00:00:00","python","26031"
"2021-05-01 00:00:00","c#","6531"
"2021-05-01 00:00:00","assembly","322"
"2021-05-01 00:00:00","go","697"
"2021-05-01 00:00:00","swift","2203"
"2021-05-01 00:00:00","javascript","18401"
"2021-05-01 00:00:00","perl","122"
"2021-05-01 00:00:00","r","5393"
"2021-05-01 00:00:00","ruby","446"
"2021-05-01 00:00:00","php","5065"
"2021-06-01 00:00:00","php","4856"
"2021-06-01 00:00:00","c#","6417"
"2021-06-01 00:00:00","go","644"
"2021-06-01 00:00:00","assembly","275"
"2021-06-01 00:00:00","c++","4171"
"2021-06-01 00:00:00","python","24527"
"2021-06-01 00:00:00","c","1996"
"2021-06-01 00:00:00","delphi","133"
"2021-06-01 00:00:00","javascript","17616"
"2021-06-01 00:00:00","java","9195"
"2021-06-01 00:00:00","ruby","469"
"2021-06-01 00:00:00","perl","157"
"2021-06-01 00:00:00","swift","2116"
"2021-06-01 00:00:00","r","4941"
"2021-07-01 00:00:00","delphi","147"
"2021-07-01 00:00:00","perl","140"
"2021-07-01 00:00:00","php","4615"
"2021-07-01 00:00:00","java","8338"
"2021-07-01 00:00:00","c#","5933"
"2021-07-01 00:00:00","assembly","188"
"2021-07-01 00:00:00","c++","3786"
"2021-07-01 00:00:00","c","1718"
"2021-07-01 00:00:00","go","649"
"2021-07-01 00:00:00","r","4676"
"2021-07-01 00:00:00","ruby","500"
"2021-07-01 00:00:00","javascript","17340"
"2021-07-01 00:00:00","swift","2273"
"2021-07-01 00:00:00","python","24114"
"2021-08-01 00:00:00","java","7955"
"2021-08-01 00:00:00","assembly","166"
"2021-08-01 00:00:00","go","785"
"2021-08-01 00:00:00","c","1620"
"2021-08-01 00:00:00","c#","5762"
"2021-08-01 00:00:00","delphi","141"
"2021-08-01 00:00:00","python","23134"
"2021-08-01 00:00:00","c++","3479"
"2021-08-01 00:00:00","javascript","17049"
"2021-08-01 00:00:00","perl","118"
"2021-08-01 00:00:00","r","4575"
"2021-08-01 00:00:00","php","4589"
"2021-08-01 00:00:00","swift","2198"
"2021-08-01 00:00:00","ruby","508"
"2021-09-01 00:00:00","java","7816"
"2021-09-01 00:00:00","c++","3922"
"2021-09-01 00:00:00","assembly","197"
"2021-09-01 00:00:00","c#","5769"
"2021-09-01 00:00:00","c","1805"
"2021-09-01 00:00:00","javascript","16710"
"2021-09-01 00:00:00","delphi","143"
"2021-09-01 00:00:00","go","661"
"2021-09-01 00:00:00","perl","114"
"2021-09-01 00:00:00","ruby","507"
"2021-09-01 00:00:00","php","4324"
"2021-09-01 00:00:00","swift","1938"
"2021-09-01 00:00:00","python","21987"
"2021-09-01 00:00:00","r","4332"
"2021-10-01 00:00:00","java","7835"
"2021-10-01 00:00:00","assembly","224"
"2021-10-01 00:00:00","c#","6075"
"2021-10-01 00:00:00","delphi","150"
"2021-10-01 00:00:00","c","2212"
"2021-10-01 00:00:00","go","763"
"2021-10-01 00:00:00","javascript","16296"
"2021-10-01 00:00:00","php","4313"
"2021-10-01 00:00:00","c++","4101"
"2021-10-01 00:00:00","perl","131"
"2021-10-01 00:00:00","python","23062"
"2021-10-01 00:00:00","r","4758"
"2021-10-01 00:00:00","ruby","482"
"2021-10-01 00:00:00","swift","1856"
"2021-11-01 00:00:00","java","8348"
"2021-11-01 00:00:00","delphi","151"
"2021-11-01 00:00:00","c++","4193"
"2021-11-01 00:00:00","c","2349"
"2021-11-01 00:00:00","assembly","313"
"2021-11-01 00:00:00","c#","6447"
"2021-11-01 00:00:00","python","23569"
"2021-11-01 00:00:00","go","717"
"2021-11-01 00:00:00","perl","81"
"2021-11-01 00:00:00","javascript","15946"
"2021-11-01 00:00:00","swift","1776"
"2021-11-01 00:00:00","r","4645"
"2021-11-01 00:00:00","ruby","450"
"2021-11-01 00:00:00","php","4171"
"2021-12-01 00:00:00","delphi","167"
"2021-12-01 00:00:00","javascript","16440"
"2021-12-01 00:00:00","c++","4161"
"2021-12-01 00:00:00","assembly","331"
"2021-12-01 00:00:00","c#","6256"
"2021-12-01 00:00:00","c","2412"
"2021-12-01 00:00:00","python","23743"
"2021-12-01 00:00:00","java","8276"
"2021-12-01 00:00:00","php","4275"
"2021-12-01 00:00:00","perl","111"
"2021-12-01 00:00:00","ruby","449"
"2021-12-01 00:00:00","r","4076"
"2021-12-01 00:00:00","go","835"
"2021-12-01 00:00:00","swift","1830"